real_word_topics,simulated_topics,Similarity,new_similarity
"Alcohol consumption and its effects on health, social habits, and personal choices","Appreciation for craftsmanship, attention to detail, and artistry in winemaking.",0.242406607,0.41258425
"Alcohol consumption and its effects on health, social habits, and personal choices",Finding balance between wellness and pleasure in modern trends and habits.,0.424305946,0.52664316
"Alcohol consumption and its effects on health, social habits, and personal choices",Balancing Wellness Trends with Appreciation for Wine Culture and Artistry,0.399533093,0.5132213
"Alcohol consumption and its effects on health, social habits, and personal choices","Finding a balance between wellness, indulgence, and appreciation for life's simple pleasures.",0.379536778,0.3561536
"Alcohol consumption and its effects on health, social habits, and personal choices",Author's viewpoint on a particular topic receives unanimous agreement.,0.018247264,0.21478434
"Alcohol consumption and its effects on health, social habits, and personal choices","The rise of clean wine: trend, marketing tactics, and sustainability in the industry.",0.3674981,0.5183004
"Alcohol consumption and its effects on health, social habits, and personal choices","Appreciating wine for its taste, quality, and craftsmanship is essential.",0.294959337,0.44691032
"Alcohol consumption and its effects on health, social habits, and personal choices",Supporting Local Wine Shops: A Passionate Plea for Authenticity and Community,0.270052761,0.38093817
"Alcohol consumption and its effects on health, social habits, and personal choices",Finding balance between enjoying good wine and prioritizing overall wellbeing.,0.451720953,0.5238911
"Alcohol consumption and its effects on health, social habits, and personal choices",Influence of celebrity endorsements on consumer behavior and purchasing decisions.,0.251627684,0.6748505
"Alcohol consumption and its effects on health, social habits, and personal choices","Balancing Quality, Taste, and Tradition: Navigating the World of Wine Appreciation",0.374368489,0.4774393
"Alcohol consumption and its effects on health, social habits, and personal choices","Celebrities like Cameron Diaz Promote Clean Wine, but Does it Matter?",0.256195813,0.43774647
"Alcohol consumption and its effects on health, social habits, and personal choices","Wine appreciation: Prioritizing taste, quality, and cultural significance over perceived health benefits.",0.551408231,0.604679
"Alcohol consumption and its effects on health, social habits, and personal choices","Balancing Taste, Quality, and Health Benefits in Beverage Consumption Habits",0.56183356,0.69718546
Preference for organic wine and concerns about additives in commercial wines.,"Appreciation for craftsmanship, attention to detail, and artistry in winemaking.",0.518029094,0.51645905
Preference for organic wine and concerns about additives in commercial wines.,Finding balance between wellness and pleasure in modern trends and habits.,0.220332071,0.50657916
Preference for organic wine and concerns about additives in commercial wines.,Balancing Wellness Trends with Appreciation for Wine Culture and Artistry,0.501952469,0.6500479
Preference for organic wine and concerns about additives in commercial wines.,"Finding a balance between wellness, indulgence, and appreciation for life's simple pleasures.",0.214901716,0.39539504
Preference for organic wine and concerns about additives in commercial wines.,Author's viewpoint on a particular topic receives unanimous agreement.,0.056519825,0.22183658
Preference for organic wine and concerns about additives in commercial wines.,"The rise of clean wine: trend, marketing tactics, and sustainability in the industry.",0.543566644,0.6770701
Preference for organic wine and concerns about additives in commercial wines.,"Appreciating wine for its taste, quality, and craftsmanship is essential.",0.571229339,0.57053244
Preference for organic wine and concerns about additives in commercial wines.,Supporting Local Wine Shops: A Passionate Plea for Authenticity and Community,0.460188359,0.58215266
Preference for organic wine and concerns about additives in commercial wines.,Finding balance between enjoying good wine and prioritizing overall wellbeing.,0.425383955,0.63167155
Preference for organic wine and concerns about additives in commercial wines.,Influence of celebrity endorsements on consumer behavior and purchasing decisions.,0.121813469,0.47240382
Preference for organic wine and concerns about additives in commercial wines.,"Balancing Quality, Taste, and Tradition: Navigating the World of Wine Appreciation",0.558453441,0.59850514
Preference for organic wine and concerns about additives in commercial wines.,"Celebrities like Cameron Diaz Promote Clean Wine, but Does it Matter?",0.357851714,0.657477
Preference for organic wine and concerns about additives in commercial wines.,"Wine appreciation: Prioritizing taste, quality, and cultural significance over perceived health benefits.",0.59192729,0.69017816
Preference for organic wine and concerns about additives in commercial wines.,"Balancing Taste, Quality, and Health Benefits in Beverage Consumption Habits",0.411716759,0.5871806
The Importance of Enjoying Wine Without Judgment or Snobbery,"Appreciation for craftsmanship, attention to detail, and artistry in winemaking.",0.633152664,0.66103846
The Importance of Enjoying Wine Without Judgment or Snobbery,Finding balance between wellness and pleasure in modern trends and habits.,0.369224608,0.532501
The Importance of Enjoying Wine Without Judgment or Snobbery,Balancing Wellness Trends with Appreciation for Wine Culture and Artistry,0.607412636,0.75748485
The Importance of Enjoying Wine Without Judgment or Snobbery,"Finding a balance between wellness, indulgence, and appreciation for life's simple pleasures.",0.428056985,0.5803386
The Importance of Enjoying Wine Without Judgment or Snobbery,Author's viewpoint on a particular topic receives unanimous agreement.,0.133644968,0.406038
The Importance of Enjoying Wine Without Judgment or Snobbery,"The rise of clean wine: trend, marketing tactics, and sustainability in the industry.",0.525084972,0.5854353
The Importance of Enjoying Wine Without Judgment or Snobbery,"Appreciating wine for its taste, quality, and craftsmanship is essential.",0.649569511,0.7141706
The Importance of Enjoying Wine Without Judgment or Snobbery,Supporting Local Wine Shops: A Passionate Plea for Authenticity and Community,0.596496642,0.6144193
The Importance of Enjoying Wine Without Judgment or Snobbery,Finding balance between enjoying good wine and prioritizing overall wellbeing.,0.608501196,0.79026043
The Importance of Enjoying Wine Without Judgment or Snobbery,Influence of celebrity endorsements on consumer behavior and purchasing decisions.,0.22039479,0.44737893
The Importance of Enjoying Wine Without Judgment or Snobbery,"Balancing Quality, Taste, and Tradition: Navigating the World of Wine Appreciation",0.749946594,0.6704777
The Importance of Enjoying Wine Without Judgment or Snobbery,"Celebrities like Cameron Diaz Promote Clean Wine, but Does it Matter?",0.427442491,0.6939977
The Importance of Enjoying Wine Without Judgment or Snobbery,"Wine appreciation: Prioritizing taste, quality, and cultural significance over perceived health benefits.",0.706323504,0.7086878
The Importance of Enjoying Wine Without Judgment or Snobbery,"Balancing Taste, Quality, and Health Benefits in Beverage Consumption Habits",0.493450254,0.56760156
Is over-reliance on organic products causing unnecessary self-imposed suffering?,"Appreciation for craftsmanship, attention to detail, and artistry in winemaking.",0.048806615,0.23620465
Is over-reliance on organic products causing unnecessary self-imposed suffering?,Finding balance between wellness and pleasure in modern trends and habits.,0.361590385,0.4132828
Is over-reliance on organic products causing unnecessary self-imposed suffering?,Balancing Wellness Trends with Appreciation for Wine Culture and Artistry,0.250910193,0.33992213
Is over-reliance on organic products causing unnecessary self-imposed suffering?,"Finding a balance between wellness, indulgence, and appreciation for life's simple pleasures.",0.331469566,0.33363777
Is over-reliance on organic products causing unnecessary self-imposed suffering?,Author's viewpoint on a particular topic receives unanimous agreement.,0.030355902,0.13920389
Is over-reliance on organic products causing unnecessary self-imposed suffering?,"The rise of clean wine: trend, marketing tactics, and sustainability in the industry.",0.304818183,0.44318467
Is over-reliance on organic products causing unnecessary self-imposed suffering?,"Appreciating wine for its taste, quality, and craftsmanship is essential.",0.09222278,0.4021458
Is over-reliance on organic products causing unnecessary self-imposed suffering?,Supporting Local Wine Shops: A Passionate Plea for Authenticity and Community,0.113036081,0.3798342
Is over-reliance on organic products causing unnecessary self-imposed suffering?,Finding balance between enjoying good wine and prioritizing overall wellbeing.,0.245222136,0.37994704
Is over-reliance on organic products causing unnecessary self-imposed suffering?,Influence of celebrity endorsements on consumer behavior and purchasing decisions.,0.214304402,0.44409892
Is over-reliance on organic products causing unnecessary self-imposed suffering?,"Balancing Quality, Taste, and Tradition: Navigating the World of Wine Appreciation",0.167797074,0.32627493
Is over-reliance on organic products causing unnecessary self-imposed suffering?,"Celebrities like Cameron Diaz Promote Clean Wine, but Does it Matter?",0.155889928,0.55446595
Is over-reliance on organic products causing unnecessary self-imposed suffering?,"Wine appreciation: Prioritizing taste, quality, and cultural significance over perceived health benefits.",0.276894182,0.44508767
Is over-reliance on organic products causing unnecessary self-imposed suffering?,"Balancing Taste, Quality, and Health Benefits in Beverage Consumption Habits",0.34919861,0.43437457
"Health risks of excessive drinking and addiction, with focus on wine consumption","Appreciation for craftsmanship, attention to detail, and artistry in winemaking.",0.421883821,0.54957247
"Health risks of excessive drinking and addiction, with focus on wine consumption",Finding balance between wellness and pleasure in modern trends and habits.,0.332114786,0.42222762
"Health risks of excessive drinking and addiction, with focus on wine consumption",Balancing Wellness Trends with Appreciation for Wine Culture and Artistry,0.527547657,0.65650034
"Health risks of excessive drinking and addiction, with focus on wine consumption","Finding a balance between wellness, indulgence, and appreciation for life's simple pleasures.",0.327191472,0.28753752
"Health risks of excessive drinking and addiction, with focus on wine consumption",Author's viewpoint on a particular topic receives unanimous agreement.,-0.023020824,0.18762773
"Health risks of excessive drinking and addiction, with focus on wine consumption","The rise of clean wine: trend, marketing tactics, and sustainability in the industry.",0.521796346,0.61372995
"Health risks of excessive drinking and addiction, with focus on wine consumption","Appreciating wine for its taste, quality, and craftsmanship is essential.",0.439476907,0.5968623
"Health risks of excessive drinking and addiction, with focus on wine consumption",Supporting Local Wine Shops: A Passionate Plea for Authenticity and Community,0.425082833,0.564565
"Health risks of excessive drinking and addiction, with focus on wine consumption",Finding balance between enjoying good wine and prioritizing overall wellbeing.,0.525713027,0.6752945
"Health risks of excessive drinking and addiction, with focus on wine consumption",Influence of celebrity endorsements on consumer behavior and purchasing decisions.,0.121603131,0.53323925
"Health risks of excessive drinking and addiction, with focus on wine consumption","Balancing Quality, Taste, and Tradition: Navigating the World of Wine Appreciation",0.5559389,0.6481154
"Health risks of excessive drinking and addiction, with focus on wine consumption","Celebrities like Cameron Diaz Promote Clean Wine, but Does it Matter?",0.370754451,0.5826931
"Health risks of excessive drinking and addiction, with focus on wine consumption","Wine appreciation: Prioritizing taste, quality, and cultural significance over perceived health benefits.",0.630047083,0.69986844
"Health risks of excessive drinking and addiction, with focus on wine consumption","Balancing Taste, Quality, and Health Benefits in Beverage Consumption Habits",0.519660532,0.54633224
"Alcohol consumption and its effects on health, social habits, and personal choices",Clean Wine Trend: Balancing Health Benefits with Quality and Tradition in Winemaking,0.467144877,0.4856665
"Alcohol consumption and its effects on health, social habits, and personal choices",Finding balance between enjoying good wine and prioritizing overall wellbeing.,0.510297596,0.5238911
"Alcohol consumption and its effects on health, social habits, and personal choices",Celebrities promoting clean wine: trend analysis and cultural significance,0.408750921,0.47643146
"Alcohol consumption and its effects on health, social habits, and personal choices","Appreciating the Art of Winemaking: Craftsmanship, Culture, and Complexity.",0.299526066,0.48599428
"Alcohol consumption and its effects on health, social habits, and personal choices",Sustainable and authentic consumption: Balancing innovation and tradition in food and drink industry,0.334764212,0.46803272
"Alcohol consumption and its effects on health, social habits, and personal choices","Finding balance between taste, quality, and health benefits in the wellness trend.",0.37851429,0.5894282
"Alcohol consumption and its effects on health, social habits, and personal choices","Wine appreciation should prioritize quality over quantity, while promoting ecofriendly practices.",0.366472781,0.53900063
Preference for organic wine and concerns about additives in commercial wines.,Clean Wine Trend: Balancing Health Benefits with Quality and Tradition in Winemaking,0.621418297,0.69306195
Preference for organic wine and concerns about additives in commercial wines.,Finding balance between enjoying good wine and prioritizing overall wellbeing.,0.46666038,0.63167155
Preference for organic wine and concerns about additives in commercial wines.,Celebrities promoting clean wine: trend analysis and cultural significance,0.446371496,0.63645375
Preference for organic wine and concerns about additives in commercial wines.,"Appreciating the Art of Winemaking: Craftsmanship, Culture, and Complexity.",0.511731982,0.6217638
Preference for organic wine and concerns about additives in commercial wines.,Sustainable and authentic consumption: Balancing innovation and tradition in food and drink industry,0.283655822,0.6079062
Preference for organic wine and concerns about additives in commercial wines.,"Finding balance between taste, quality, and health benefits in the wellness trend.",0.316260934,0.5271351
Preference for organic wine and concerns about additives in commercial wines.,"Wine appreciation should prioritize quality over quantity, while promoting ecofriendly practices.",0.609909654,0.75919026
The Importance of Enjoying Wine Without Judgment or Snobbery,Clean Wine Trend: Balancing Health Benefits with Quality and Tradition in Winemaking,0.65313834,0.7239504
The Importance of Enjoying Wine Without Judgment or Snobbery,Finding balance between enjoying good wine and prioritizing overall wellbeing.,0.631029725,0.79026043
The Importance of Enjoying Wine Without Judgment or Snobbery,Celebrities promoting clean wine: trend analysis and cultural significance,0.539014876,0.70752907
The Importance of Enjoying Wine Without Judgment or Snobbery,"Appreciating the Art of Winemaking: Craftsmanship, Culture, and Complexity.",0.673844874,0.6944945
The Importance of Enjoying Wine Without Judgment or Snobbery,Sustainable and authentic consumption: Balancing innovation and tradition in food and drink industry,0.355526388,0.4963927
The Importance of Enjoying Wine Without Judgment or Snobbery,"Finding balance between taste, quality, and health benefits in the wellness trend.",0.365398616,0.4838256
The Importance of Enjoying Wine Without Judgment or Snobbery,"Wine appreciation should prioritize quality over quantity, while promoting ecofriendly practices.",0.640003979,0.68353355
Is over-reliance on organic products causing unnecessary self-imposed suffering?,Clean Wine Trend: Balancing Health Benefits with Quality and Tradition in Winemaking,0.272696257,0.43336403
Is over-reliance on organic products causing unnecessary self-imposed suffering?,Finding balance between enjoying good wine and prioritizing overall wellbeing.,0.212259293,0.37994704
Is over-reliance on organic products causing unnecessary self-imposed suffering?,Celebrities promoting clean wine: trend analysis and cultural significance,0.220737621,0.38493443
Is over-reliance on organic products causing unnecessary self-imposed suffering?,"Appreciating the Art of Winemaking: Craftsmanship, Culture, and Complexity.",0.138086677,0.38200718
Is over-reliance on organic products causing unnecessary self-imposed suffering?,Sustainable and authentic consumption: Balancing innovation and tradition in food and drink industry,0.331886888,0.4818335
Is over-reliance on organic products causing unnecessary self-imposed suffering?,"Finding balance between taste, quality, and health benefits in the wellness trend.",0.38397643,0.42779922
Is over-reliance on organic products causing unnecessary self-imposed suffering?,"Wine appreciation should prioritize quality over quantity, while promoting ecofriendly practices.",0.31164971,0.5573511
"Health risks of excessive drinking and addiction, with focus on wine consumption",Clean Wine Trend: Balancing Health Benefits with Quality and Tradition in Winemaking,0.637033582,0.6257547
"Health risks of excessive drinking and addiction, with focus on wine consumption",Finding balance between enjoying good wine and prioritizing overall wellbeing.,0.578118384,0.6752946
"Health risks of excessive drinking and addiction, with focus on wine consumption",Celebrities promoting clean wine: trend analysis and cultural significance,0.500451922,0.6335057
"Health risks of excessive drinking and addiction, with focus on wine consumption","Appreciating the Art of Winemaking: Craftsmanship, Culture, and Complexity.",0.481469393,0.6749821
"Health risks of excessive drinking and addiction, with focus on wine consumption",Sustainable and authentic consumption: Balancing innovation and tradition in food and drink industry,0.30880928,0.4108109
"Health risks of excessive drinking and addiction, with focus on wine consumption","Finding balance between taste, quality, and health benefits in the wellness trend.",0.340661734,0.45888573
"Health risks of excessive drinking and addiction, with focus on wine consumption","Wine appreciation should prioritize quality over quantity, while promoting ecofriendly practices.",0.496669799,0.64132214
"Alcohol consumption and its effects on health, social habits, and personal choices",Finding balance between enjoying good wine and prioritizing overall well-being.,0.417946398,0.5150416
"Alcohol consumption and its effects on health, social habits, and personal choices","Appreciating Wine Quality: Balancing Artistry, Taste, and Craftsmanship in the Industry",0.314850211,0.4607749
"Alcohol consumption and its effects on health, social habits, and personal choices",Clean Wine Trend: Quality vs. Marketing Hype,0.299266398,0.44813496
"Alcohol consumption and its effects on health, social habits, and personal choices",Emphasis on quality and taste in consumer preferences: shifting from quantity to craftsmanship.,0.22104083,0.6019253
"Alcohol consumption and its effects on health, social habits, and personal choices",Celebrities' influence on consumer behavior: promoting responsible drinking and clean wine trends.,0.521857738,0.5884435
"Alcohol consumption and its effects on health, social habits, and personal choices",Prioritizing Quality Over Health Benefits: A Nuanced Approach to Wellness,0.32402876,0.59224
"Alcohol consumption and its effects on health, social habits, and personal choices",Finding balance between indulgence and mindfulness in appreciating life's simple pleasures.,0.26286599,0.32754093
"Alcohol consumption and its effects on health, social habits, and personal choices",Appreciating Wine for Taste and Quality Over Health Benefits: A Refreshing Trend,0.49861306,0.48876536
Preference for organic wine and concerns about additives in commercial wines.,Finding balance between enjoying good wine and prioritizing overall well-being.,0.42683363,0.6185757
Preference for organic wine and concerns about additives in commercial wines.,"Appreciating Wine Quality: Balancing Artistry, Taste, and Craftsmanship in the Industry",0.565932274,0.59815514
Preference for organic wine and concerns about additives in commercial wines.,Clean Wine Trend: Quality vs. Marketing Hype,0.536480486,0.70968074
Preference for organic wine and concerns about additives in commercial wines.,Emphasis on quality and taste in consumer preferences: shifting from quantity to craftsmanship.,0.2959705,0.5450376
Preference for organic wine and concerns about additives in commercial wines.,Celebrities' influence on consumer behavior: promoting responsible drinking and clean wine trends.,0.397058725,0.66839564
Preference for organic wine and concerns about additives in commercial wines.,Prioritizing Quality Over Health Benefits: A Nuanced Approach to Wellness,0.237218112,0.52389276
Preference for organic wine and concerns about additives in commercial wines.,Finding balance between indulgence and mindfulness in appreciating life's simple pleasures.,0.181739599,0.3720554
Preference for organic wine and concerns about additives in commercial wines.,Appreciating Wine for Taste and Quality Over Health Benefits: A Refreshing Trend,0.661889374,0.6438283
The Importance of Enjoying Wine Without Judgment or Snobbery,Finding balance between enjoying good wine and prioritizing overall well-being.,0.615104914,0.79396874
The Importance of Enjoying Wine Without Judgment or Snobbery,"Appreciating Wine Quality: Balancing Artistry, Taste, and Craftsmanship in the Industry",0.68865329,0.67784166
The Importance of Enjoying Wine Without Judgment or Snobbery,Clean Wine Trend: Quality vs. Marketing Hype,0.542730927,0.75037897
The Importance of Enjoying Wine Without Judgment or Snobbery,Emphasis on quality and taste in consumer preferences: shifting from quantity to craftsmanship.,0.391059577,0.45632297
The Importance of Enjoying Wine Without Judgment or Snobbery,Celebrities' influence on consumer behavior: promoting responsible drinking and clean wine trends.,0.520535648,0.7360762
The Importance of Enjoying Wine Without Judgment or Snobbery,Prioritizing Quality Over Health Benefits: A Nuanced Approach to Wellness,0.292149931,0.47999462
The Importance of Enjoying Wine Without Judgment or Snobbery,Finding balance between indulgence and mindfulness in appreciating life's simple pleasures.,0.422339439,0.602237
The Importance of Enjoying Wine Without Judgment or Snobbery,Appreciating Wine for Taste and Quality Over Health Benefits: A Refreshing Trend,0.702075541,0.7551235
Is over-reliance on organic products causing unnecessary self-imposed suffering?,Finding balance between enjoying good wine and prioritizing overall well-being.,0.23460874,0.37348628
Is over-reliance on organic products causing unnecessary self-imposed suffering?,"Appreciating Wine Quality: Balancing Artistry, Taste, and Craftsmanship in the Industry",0.186128661,0.33375418
Is over-reliance on organic products causing unnecessary self-imposed suffering?,Clean Wine Trend: Quality vs. Marketing Hype,0.201743037,0.5222353
Is over-reliance on organic products causing unnecessary self-imposed suffering?,Emphasis on quality and taste in consumer preferences: shifting from quantity to craftsmanship.,0.328956425,0.51536906
Is over-reliance on organic products causing unnecessary self-imposed suffering?,Celebrities' influence on consumer behavior: promoting responsible drinking and clean wine trends.,0.297787488,0.4302765
Is over-reliance on organic products causing unnecessary self-imposed suffering?,Prioritizing Quality Over Health Benefits: A Nuanced Approach to Wellness,0.385713696,0.500225
Is over-reliance on organic products causing unnecessary self-imposed suffering?,Finding balance between indulgence and mindfulness in appreciating life's simple pleasures.,0.28939122,0.33629388
Is over-reliance on organic products causing unnecessary self-imposed suffering?,Appreciating Wine for Taste and Quality Over Health Benefits: A Refreshing Trend,0.285859048,0.42750847
"Health risks of excessive drinking and addiction, with focus on wine consumption",Finding balance between enjoying good wine and prioritizing overall well-being.,0.49751687,0.6630273
"Health risks of excessive drinking and addiction, with focus on wine consumption","Appreciating Wine Quality: Balancing Artistry, Taste, and Craftsmanship in the Industry",0.492973745,0.6216661
"Health risks of excessive drinking and addiction, with focus on wine consumption",Clean Wine Trend: Quality vs. Marketing Hype,0.467951357,0.6724582
"Health risks of excessive drinking and addiction, with focus on wine consumption",Emphasis on quality and taste in consumer preferences: shifting from quantity to craftsmanship.,0.175832689,0.49759525
"Health risks of excessive drinking and addiction, with focus on wine consumption",Celebrities' influence on consumer behavior: promoting responsible drinking and clean wine trends.,0.506049991,0.7111788
"Health risks of excessive drinking and addiction, with focus on wine consumption",Prioritizing Quality Over Health Benefits: A Nuanced Approach to Wellness,0.245027736,0.46063766
"Health risks of excessive drinking and addiction, with focus on wine consumption",Finding balance between indulgence and mindfulness in appreciating life's simple pleasures.,0.268057108,0.28862026
"Health risks of excessive drinking and addiction, with focus on wine consumption",Appreciating Wine for Taste and Quality Over Health Benefits: A Refreshing Trend,0.648058772,0.67833495
"Alcohol consumption and its effects on health, social habits, and personal choices","Wine Appreciation: Prioritizing Quality, Taste, and Craftsmanship Over Trends and Gimmicks",0.348002195,0.5449236
"Alcohol consumption and its effects on health, social habits, and personal choices",Appreciating Wine's Taste and Quality Beyond Health Benefits: A Balancing Act,0.496775001,0.5108795
"Alcohol consumption and its effects on health, social habits, and personal choices",The significance of craftsmanship in winemaking vs. focus on health benefits,0.433582783,0.61462796
"Alcohol consumption and its effects on health, social habits, and personal choices",Balancing Tradition and Innovation in Food and Drink Industry,0.237180427,0.5040248
"Alcohol consumption and its effects on health, social habits, and personal choices","Balancing Taste, Quality, and Health Benefits in the Wellness Trend",0.368069261,0.5764663
"Alcohol consumption and its effects on health, social habits, and personal choices","Celebrities like Cameron Diaz promoting clean wine trend, influencing consumer behavior and preferences.",0.418897569,0.58107466
Preference for organic wine and concerns about additives in commercial wines.,"Wine Appreciation: Prioritizing Quality, Taste, and Craftsmanship Over Trends and Gimmicks",0.593783021,0.67824423
Preference for organic wine and concerns about additives in commercial wines.,Appreciating Wine's Taste and Quality Beyond Health Benefits: A Balancing Act,0.626903534,0.6801558
Preference for organic wine and concerns about additives in commercial wines.,The significance of craftsmanship in winemaking vs. focus on health benefits,0.583006859,0.7444441
Preference for organic wine and concerns about additives in commercial wines.,Balancing Tradition and Innovation in Food and Drink Industry,0.279381454,0.5179594
Preference for organic wine and concerns about additives in commercial wines.,"Balancing Taste, Quality, and Health Benefits in the Wellness Trend",0.313032329,0.5019686
Preference for organic wine and concerns about additives in commercial wines.,"Celebrities like Cameron Diaz promoting clean wine trend, influencing consumer behavior and preferences.",0.466760993,0.639851
The Importance of Enjoying Wine Without Judgment or Snobbery,"Wine Appreciation: Prioritizing Quality, Taste, and Craftsmanship Over Trends and Gimmicks",0.699260712,0.7045129
The Importance of Enjoying Wine Without Judgment or Snobbery,Appreciating Wine's Taste and Quality Beyond Health Benefits: A Balancing Act,0.740913868,0.77284205
The Importance of Enjoying Wine Without Judgment or Snobbery,The significance of craftsmanship in winemaking vs. focus on health benefits,0.650311232,0.71098506
The Importance of Enjoying Wine Without Judgment or Snobbery,Balancing Tradition and Innovation in Food and Drink Industry,0.330540001,0.40119374
The Importance of Enjoying Wine Without Judgment or Snobbery,"Balancing Taste, Quality, and Health Benefits in the Wellness Trend",0.362140328,0.47737575
The Importance of Enjoying Wine Without Judgment or Snobbery,"Celebrities like Cameron Diaz promoting clean wine trend, influencing consumer behavior and preferences.",0.481560588,0.6289281
Is over-reliance on organic products causing unnecessary self-imposed suffering?,"Wine Appreciation: Prioritizing Quality, Taste, and Craftsmanship Over Trends and Gimmicks",0.205855206,0.38679063
Is over-reliance on organic products causing unnecessary self-imposed suffering?,Appreciating Wine's Taste and Quality Beyond Health Benefits: A Balancing Act,0.297511935,0.4291702
Is over-reliance on organic products causing unnecessary self-imposed suffering?,The significance of craftsmanship in winemaking vs. focus on health benefits,0.306935906,0.5914093
Is over-reliance on organic products causing unnecessary self-imposed suffering?,Balancing Tradition and Innovation in Food and Drink Industry,0.252725244,0.41361946
Is over-reliance on organic products causing unnecessary self-imposed suffering?,"Balancing Taste, Quality, and Health Benefits in the Wellness Trend",0.399966389,0.40818256
Is over-reliance on organic products causing unnecessary self-imposed suffering?,"Celebrities like Cameron Diaz promoting clean wine trend, influencing consumer behavior and preferences.",0.263383985,0.4501796
"Health risks of excessive drinking and addiction, with focus on wine consumption","Wine Appreciation: Prioritizing Quality, Taste, and Craftsmanship Over Trends and Gimmicks",0.506602347,0.6789457
"Health risks of excessive drinking and addiction, with focus on wine consumption",Appreciating Wine's Taste and Quality Beyond Health Benefits: A Balancing Act,0.646835208,0.6974313
"Health risks of excessive drinking and addiction, with focus on wine consumption",The significance of craftsmanship in winemaking vs. focus on health benefits,0.58857429,0.7337125
"Health risks of excessive drinking and addiction, with focus on wine consumption",Balancing Tradition and Innovation in Food and Drink Industry,0.261665523,0.42932308
"Health risks of excessive drinking and addiction, with focus on wine consumption","Balancing Taste, Quality, and Health Benefits in the Wellness Trend",0.333173871,0.43838596
"Health risks of excessive drinking and addiction, with focus on wine consumption","Celebrities like Cameron Diaz promoting clean wine trend, influencing consumer behavior and preferences.",0.473712057,0.6595293
"Alcohol consumption and its effects on health, social habits, and personal choices",Finding Balance Between Enjoying Wine and Prioritizing Overall Wellbeing,0.491186291,0.54274815
"Alcohol consumption and its effects on health, social habits, and personal choices",Celebrities' Influence on Wine Culture: Clean Wine Trend and Quality Appreciation,0.405159444,0.45384043
"Alcohol consumption and its effects on health, social habits, and personal choices","Wine quality should be prioritized over quantity, focusing on taste and craftsmanship.",0.290253133,0.52414256
"Alcohol consumption and its effects on health, social habits, and personal choices","Appreciating Quality and Craftsmanship in Food, Drink, and Design: A Trend Shift.",0.275850832,0.5634537
"Alcohol consumption and its effects on health, social habits, and personal choices",The cultural significance and appeal of 'clean wine' trend and its impact on the industry.,0.418372065,0.57789034
"Alcohol consumption and its effects on health, social habits, and personal choices",Balancing Health Benefits with Taste and Quality in Wine Appreciation,0.482197106,0.5602778
"Alcohol consumption and its effects on health, social habits, and personal choices","Balancing Quality, Taste, and Wellness: Prioritizing Enjoyment Over Health Benefits",0.423388928,0.6154258
Preference for organic wine and concerns about additives in commercial wines.,Finding Balance Between Enjoying Wine and Prioritizing Overall Wellbeing,0.452675849,0.6200099
Preference for organic wine and concerns about additives in commercial wines.,Celebrities' Influence on Wine Culture: Clean Wine Trend and Quality Appreciation,0.503231347,0.6300169
Preference for organic wine and concerns about additives in commercial wines.,"Wine quality should be prioritized over quantity, focusing on taste and craftsmanship.",0.578319013,0.6513504
Preference for organic wine and concerns about additives in commercial wines.,"Appreciating Quality and Craftsmanship in Food, Drink, and Design: A Trend Shift.",0.280829668,0.5344356
Preference for organic wine and concerns about additives in commercial wines.,The cultural significance and appeal of 'clean wine' trend and its impact on the industry.,0.559632421,0.6439221
Preference for organic wine and concerns about additives in commercial wines.,Balancing Health Benefits with Taste and Quality in Wine Appreciation,0.632568479,0.6626692
Preference for organic wine and concerns about additives in commercial wines.,"Balancing Quality, Taste, and Wellness: Prioritizing Enjoyment Over Health Benefits",0.30076313,0.56701785
The Importance of Enjoying Wine Without Judgment or Snobbery,Finding Balance Between Enjoying Wine and Prioritizing Overall Wellbeing,0.64596796,0.79110044
The Importance of Enjoying Wine Without Judgment or Snobbery,Celebrities' Influence on Wine Culture: Clean Wine Trend and Quality Appreciation,0.636032224,0.7597451
The Importance of Enjoying Wine Without Judgment or Snobbery,"Wine quality should be prioritized over quantity, focusing on taste and craftsmanship.",0.597600937,0.63131195
The Importance of Enjoying Wine Without Judgment or Snobbery,"Appreciating Quality and Craftsmanship in Food, Drink, and Design: A Trend Shift.",0.391126424,0.47162127
The Importance of Enjoying Wine Without Judgment or Snobbery,The cultural significance and appeal of 'clean wine' trend and its impact on the industry.,0.615339339,0.66853786
The Importance of Enjoying Wine Without Judgment or Snobbery,Balancing Health Benefits with Taste and Quality in Wine Appreciation,0.690017045,0.7412907
The Importance of Enjoying Wine Without Judgment or Snobbery,"Balancing Quality, Taste, and Wellness: Prioritizing Enjoyment Over Health Benefits",0.474152684,0.57719684
Is over-reliance on organic products causing unnecessary self-imposed suffering?,Finding Balance Between Enjoying Wine and Prioritizing Overall Wellbeing,0.267097086,0.35324967
Is over-reliance on organic products causing unnecessary self-imposed suffering?,Celebrities' Influence on Wine Culture: Clean Wine Trend and Quality Appreciation,0.196826547,0.36635906
Is over-reliance on organic products causing unnecessary self-imposed suffering?,"Wine quality should be prioritized over quantity, focusing on taste and craftsmanship.",0.18617402,0.43229333
Is over-reliance on organic products causing unnecessary self-imposed suffering?,"Appreciating Quality and Craftsmanship in Food, Drink, and Design: A Trend Shift.",0.28749314,0.45579416
Is over-reliance on organic products causing unnecessary self-imposed suffering?,The cultural significance and appeal of 'clean wine' trend and its impact on the industry.,0.207602814,0.49129382
Is over-reliance on organic products causing unnecessary self-imposed suffering?,Balancing Health Benefits with Taste and Quality in Wine Appreciation,0.289372325,0.3991937
Is over-reliance on organic products causing unnecessary self-imposed suffering?,"Balancing Quality, Taste, and Wellness: Prioritizing Enjoyment Over Health Benefits",0.402285039,0.5159561
"Health risks of excessive drinking and addiction, with focus on wine consumption",Finding Balance Between Enjoying Wine and Prioritizing Overall Wellbeing,0.554826438,0.6609378
"Health risks of excessive drinking and addiction, with focus on wine consumption",Celebrities' Influence on Wine Culture: Clean Wine Trend and Quality Appreciation,0.518309653,0.65624523
"Health risks of excessive drinking and addiction, with focus on wine consumption","Wine quality should be prioritized over quantity, focusing on taste and craftsmanship.",0.474232316,0.6404649
"Health risks of excessive drinking and addiction, with focus on wine consumption","Appreciating Quality and Craftsmanship in Food, Drink, and Design: A Trend Shift.",0.25879243,0.51822805
"Health risks of excessive drinking and addiction, with focus on wine consumption",The cultural significance and appeal of 'clean wine' trend and its impact on the industry.,0.55708164,0.64353323
"Health risks of excessive drinking and addiction, with focus on wine consumption",Balancing Health Benefits with Taste and Quality in Wine Appreciation,0.621388078,0.66641
"Health risks of excessive drinking and addiction, with focus on wine consumption","Balancing Quality, Taste, and Wellness: Prioritizing Enjoyment Over Health Benefits",0.346075803,0.5421305
"Alcohol consumption and its effects on health, social habits, and personal choices",Celebrity Influence on Wine Trends: Cameron Diaz and the Rise of 'Clean Wine',0.357775092,0.4698515
"Alcohol consumption and its effects on health, social habits, and personal choices","Wine appreciation: Balancing quality, taste, and health benefits in the wellness trend.",0.491812289,0.55514175
"Alcohol consumption and its effects on health, social habits, and personal choices","Clean Wine Trend: Balance Between Sustainability, Quality, and Marketing Hype",0.345036536,0.4515581
"Alcohol consumption and its effects on health, social habits, and personal choices","Wine appreciation: prioritizing quality, authenticity, and craftsmanship over trendy gimmicks.",0.308851957,0.50286365
"Alcohol consumption and its effects on health, social habits, and personal choices","Appreciating Quality and Craftsmanship in Food, Drink, and Design",0.238815337,0.43501472
"Alcohol consumption and its effects on health, social habits, and personal choices",Appreciating the Artistry Behind Wine Production: A Celebration of Craftsmanship,0.235028908,0.39496577
"Alcohol consumption and its effects on health, social habits, and personal choices",Prioritizing Quality Over Health Benefits: A Nuanced Approach to Wellness,0.32402879,0.59224
Preference for organic wine and concerns about additives in commercial wines.,Celebrity Influence on Wine Trends: Cameron Diaz and the Rise of 'Clean Wine',0.420908779,0.60867834
Preference for organic wine and concerns about additives in commercial wines.,"Wine appreciation: Balancing quality, taste, and health benefits in the wellness trend.",0.634222269,0.64899635
Preference for organic wine and concerns about additives in commercial wines.,"Clean Wine Trend: Balance Between Sustainability, Quality, and Marketing Hype",0.582182467,0.6688765
Preference for organic wine and concerns about additives in commercial wines.,"Wine appreciation: prioritizing quality, authenticity, and craftsmanship over trendy gimmicks.",0.556072712,0.7023268
Preference for organic wine and concerns about additives in commercial wines.,"Appreciating Quality and Craftsmanship in Food, Drink, and Design",0.268842876,0.45180893
Preference for organic wine and concerns about additives in commercial wines.,Appreciating the Artistry Behind Wine Production: A Celebration of Craftsmanship,0.459167778,0.55156106
Preference for organic wine and concerns about additives in commercial wines.,Prioritizing Quality Over Health Benefits: A Nuanced Approach to Wellness,0.237218127,0.52389276
The Importance of Enjoying Wine Without Judgment or Snobbery,Celebrity Influence on Wine Trends: Cameron Diaz and the Rise of 'Clean Wine',0.507913291,0.5980134
The Importance of Enjoying Wine Without Judgment or Snobbery,"Wine appreciation: Balancing quality, taste, and health benefits in the wellness trend.",0.679050624,0.65317047
The Importance of Enjoying Wine Without Judgment or Snobbery,"Clean Wine Trend: Balance Between Sustainability, Quality, and Marketing Hype",0.575643897,0.6952531
The Importance of Enjoying Wine Without Judgment or Snobbery,"Wine appreciation: prioritizing quality, authenticity, and craftsmanship over trendy gimmicks.",0.676548839,0.7366352
The Importance of Enjoying Wine Without Judgment or Snobbery,"Appreciating Quality and Craftsmanship in Food, Drink, and Design",0.399554014,0.5108632
The Importance of Enjoying Wine Without Judgment or Snobbery,Appreciating the Artistry Behind Wine Production: A Celebration of Craftsmanship,0.62584585,0.6847604
The Importance of Enjoying Wine Without Judgment or Snobbery,Prioritizing Quality Over Health Benefits: A Nuanced Approach to Wellness,0.292149961,0.47999462
Is over-reliance on organic products causing unnecessary self-imposed suffering?,Celebrity Influence on Wine Trends: Cameron Diaz and the Rise of 'Clean Wine',0.164312124,0.39583597
Is over-reliance on organic products causing unnecessary self-imposed suffering?,"Wine appreciation: Balancing quality, taste, and health benefits in the wellness trend.",0.281322658,0.40621585
Is over-reliance on organic products causing unnecessary self-imposed suffering?,"Clean Wine Trend: Balance Between Sustainability, Quality, and Marketing Hype",0.278982282,0.441835
Is over-reliance on organic products causing unnecessary self-imposed suffering?,"Wine appreciation: prioritizing quality, authenticity, and craftsmanship over trendy gimmicks.",0.15011017,0.41783345
Is over-reliance on organic products causing unnecessary self-imposed suffering?,"Appreciating Quality and Craftsmanship in Food, Drink, and Design",0.243874624,0.33440518
Is over-reliance on organic products causing unnecessary self-imposed suffering?,Appreciating the Artistry Behind Wine Production: A Celebration of Craftsmanship,0.093988068,0.3431098
Is over-reliance on organic products causing unnecessary self-imposed suffering?,Prioritizing Quality Over Health Benefits: A Nuanced Approach to Wellness,0.385713726,0.500225
"Health risks of excessive drinking and addiction, with focus on wine consumption",Celebrity Influence on Wine Trends: Cameron Diaz and the Rise of 'Clean Wine',0.460904866,0.6476674
"Health risks of excessive drinking and addiction, with focus on wine consumption","Wine appreciation: Balancing quality, taste, and health benefits in the wellness trend.",0.632522464,0.62825334
"Health risks of excessive drinking and addiction, with focus on wine consumption","Clean Wine Trend: Balance Between Sustainability, Quality, and Marketing Hype",0.528504491,0.6040008
"Health risks of excessive drinking and addiction, with focus on wine consumption","Wine appreciation: prioritizing quality, authenticity, and craftsmanship over trendy gimmicks.",0.460537612,0.6758182
"Health risks of excessive drinking and addiction, with focus on wine consumption","Appreciating Quality and Craftsmanship in Food, Drink, and Design",0.236672565,0.40451455
"Health risks of excessive drinking and addiction, with focus on wine consumption",Appreciating the Artistry Behind Wine Production: A Celebration of Craftsmanship,0.438746184,0.5789865
"Health risks of excessive drinking and addiction, with focus on wine consumption",Prioritizing Quality Over Health Benefits: A Nuanced Approach to Wellness,0.245027721,0.46063766
"Alcohol consumption and its effects on health, social habits, and personal choices","Wine appreciation shifting from health benefits to rich flavors, authenticity, and quality over marketing.",0.449465364,0.5353485
"Alcohol consumption and its effects on health, social habits, and personal choices","The Importance of Balance: Quality, Taste, and Health Benefits",0.305632263,0.53715265
"Alcohol consumption and its effects on health, social habits, and personal choices","Wine appreciation: quality, taste, culture, tradition, and health benefits",0.506109715,0.52689683
"Alcohol consumption and its effects on health, social habits, and personal choices",Exploring the cultural significance and nuances of the 'clean wine' trend.,0.392288476,0.5504636
"Alcohol consumption and its effects on health, social habits, and personal choices",Celebrities' influence on the popularity of 'clean wine' and its cultural significance.,0.431494832,0.5252273
"Alcohol consumption and its effects on health, social habits, and personal choices","Appreciating Wine for Its Taste, Quality, and Cultural Significance",0.404970914,0.43783402
"Alcohol consumption and its effects on health, social habits, and personal choices",The Importance of Quality and Taste in Consumer Goods,0.282033592,0.5345569
Preference for organic wine and concerns about additives in commercial wines.,"Wine appreciation shifting from health benefits to rich flavors, authenticity, and quality over marketing.",0.566852391,0.73532546
Preference for organic wine and concerns about additives in commercial wines.,"The Importance of Balance: Quality, Taste, and Health Benefits",0.326017678,0.5224953
Preference for organic wine and concerns about additives in commercial wines.,"Wine appreciation: quality, taste, culture, tradition, and health benefits",0.611649334,0.6496371
Preference for organic wine and concerns about additives in commercial wines.,Exploring the cultural significance and nuances of the 'clean wine' trend.,0.523590147,0.7014638
Preference for organic wine and concerns about additives in commercial wines.,Celebrities' influence on the popularity of 'clean wine' and its cultural significance.,0.469503194,0.5798936
Preference for organic wine and concerns about additives in commercial wines.,"Appreciating Wine for Its Taste, Quality, and Cultural Significance",0.557870805,0.55112654
Preference for organic wine and concerns about additives in commercial wines.,The Importance of Quality and Taste in Consumer Goods,0.328064442,0.51679087
The Importance of Enjoying Wine Without Judgment or Snobbery,"Wine appreciation shifting from health benefits to rich flavors, authenticity, and quality over marketing.",0.656282783,0.71654737
The Importance of Enjoying Wine Without Judgment or Snobbery,"The Importance of Balance: Quality, Taste, and Health Benefits",0.384544194,0.53202975
The Importance of Enjoying Wine Without Judgment or Snobbery,"Wine appreciation: quality, taste, culture, tradition, and health benefits",0.72590822,0.7078061
The Importance of Enjoying Wine Without Judgment or Snobbery,Exploring the cultural significance and nuances of the 'clean wine' trend.,0.625736237,0.71671903
The Importance of Enjoying Wine Without Judgment or Snobbery,Celebrities' influence on the popularity of 'clean wine' and its cultural significance.,0.58339411,0.7027753
The Importance of Enjoying Wine Without Judgment or Snobbery,"Appreciating Wine for Its Taste, Quality, and Cultural Significance",0.722821057,0.70220125
The Importance of Enjoying Wine Without Judgment or Snobbery,The Importance of Quality and Taste in Consumer Goods,0.442322522,0.54605126
Is over-reliance on organic products causing unnecessary self-imposed suffering?,"Wine appreciation shifting from health benefits to rich flavors, authenticity, and quality over marketing.",0.296537727,0.45699763
Is over-reliance on organic products causing unnecessary self-imposed suffering?,"The Importance of Balance: Quality, Taste, and Health Benefits",0.31350103,0.3962114
Is over-reliance on organic products causing unnecessary self-imposed suffering?,"Wine appreciation: quality, taste, culture, tradition, and health benefits",0.215407804,0.34336513
Is over-reliance on organic products causing unnecessary self-imposed suffering?,Exploring the cultural significance and nuances of the 'clean wine' trend.,0.156610295,0.44522637
Is over-reliance on organic products causing unnecessary self-imposed suffering?,Celebrities' influence on the popularity of 'clean wine' and its cultural significance.,0.191187173,0.41839173
Is over-reliance on organic products causing unnecessary self-imposed suffering?,"Appreciating Wine for Its Taste, Quality, and Cultural Significance",0.161392555,0.34066725
Is over-reliance on organic products causing unnecessary self-imposed suffering?,The Importance of Quality and Taste in Consumer Goods,0.339292675,0.4700716
"Health risks of excessive drinking and addiction, with focus on wine consumption","Wine appreciation shifting from health benefits to rich flavors, authenticity, and quality over marketing.",0.551902592,0.74955726
"Health risks of excessive drinking and addiction, with focus on wine consumption","The Importance of Balance: Quality, Taste, and Health Benefits",0.269836009,0.4595046
"Health risks of excessive drinking and addiction, with focus on wine consumption","Wine appreciation: quality, taste, culture, tradition, and health benefits",0.620658636,0.64561594
"Health risks of excessive drinking and addiction, with focus on wine consumption",Exploring the cultural significance and nuances of the 'clean wine' trend.,0.552534759,0.6101759
"Health risks of excessive drinking and addiction, with focus on wine consumption",Celebrities' influence on the popularity of 'clean wine' and its cultural significance.,0.507797122,0.6366945
"Health risks of excessive drinking and addiction, with focus on wine consumption","Appreciating Wine for Its Taste, Quality, and Cultural Significance",0.543197572,0.58248127
"Health risks of excessive drinking and addiction, with focus on wine consumption",The Importance of Quality and Taste in Consumer Goods,0.223200053,0.42354542
"Alcohol consumption and its effects on health, social habits, and personal choices","Cultural Significance of Wine: Quality, Craftsmanship, or Cleanliness?",0.342430621,0.54055345
"Alcohol consumption and its effects on health, social habits, and personal choices","Finding Balance: Appreciating Wine's Taste, Quality, and Health Benefits",0.497945875,0.47876424
"Alcohol consumption and its effects on health, social habits, and personal choices",Appreciating Quality Over Quantity: The Importance of Taste and Cultural Context in Food Trends,0.25134334,0.5283571
"Alcohol consumption and its effects on health, social habits, and personal choices",Prioritizing taste and quality over health benefits in the wellness movement.,0.355493665,0.65778995
"Alcohol consumption and its effects on health, social habits, and personal choices",Wine Quality Should be Prioritized,0.304139316,0.5662085
"Alcohol consumption and its effects on health, social habits, and personal choices","Wine's cultural significance, artistry, and joy in savoring a good glass with friends",0.435163409,0.38177627
"Alcohol consumption and its effects on health, social habits, and personal choices",Celebrities Promoting Clean Wine: Influence on Consumer Behavior and Wellness Trend,0.541474998,0.54686415
Preference for organic wine and concerns about additives in commercial wines.,"Cultural Significance of Wine: Quality, Craftsmanship, or Cleanliness?",0.497560889,0.6776204
Preference for organic wine and concerns about additives in commercial wines.,"Finding Balance: Appreciating Wine's Taste, Quality, and Health Benefits",0.590588212,0.6064056
Preference for organic wine and concerns about additives in commercial wines.,Appreciating Quality Over Quantity: The Importance of Taste and Cultural Context in Food Trends,0.290202349,0.5864792
Preference for organic wine and concerns about additives in commercial wines.,Prioritizing taste and quality over health benefits in the wellness movement.,0.304019392,0.59928846
Preference for organic wine and concerns about additives in commercial wines.,Wine Quality Should be Prioritized,0.606953025,0.6053269
Preference for organic wine and concerns about additives in commercial wines.,"Wine's cultural significance, artistry, and joy in savoring a good glass with friends",0.436141312,0.40533292
Preference for organic wine and concerns about additives in commercial wines.,Celebrities Promoting Clean Wine: Influence on Consumer Behavior and Wellness Trend,0.483112246,0.6189082
The Importance of Enjoying Wine Without Judgment or Snobbery,"Cultural Significance of Wine: Quality, Craftsmanship, or Cleanliness?",0.656402051,0.7407274
The Importance of Enjoying Wine Without Judgment or Snobbery,"Finding Balance: Appreciating Wine's Taste, Quality, and Health Benefits",0.69857806,0.70358545
The Importance of Enjoying Wine Without Judgment or Snobbery,Appreciating Quality Over Quantity: The Importance of Taste and Cultural Context in Food Trends,0.423316836,0.52662456
The Importance of Enjoying Wine Without Judgment or Snobbery,Prioritizing taste and quality over health benefits in the wellness movement.,0.353754133,0.51286125
The Importance of Enjoying Wine Without Judgment or Snobbery,Wine Quality Should be Prioritized,0.594747007,0.6080595
The Importance of Enjoying Wine Without Judgment or Snobbery,"Wine's cultural significance, artistry, and joy in savoring a good glass with friends",0.714781642,0.68809044
The Importance of Enjoying Wine Without Judgment or Snobbery,Celebrities Promoting Clean Wine: Influence on Consumer Behavior and Wellness Trend,0.546283185,0.6515419
Is over-reliance on organic products causing unnecessary self-imposed suffering?,"Cultural Significance of Wine: Quality, Craftsmanship, or Cleanliness?",0.117541522,0.45168525
Is over-reliance on organic products causing unnecessary self-imposed suffering?,"Finding Balance: Appreciating Wine's Taste, Quality, and Health Benefits",0.268035382,0.3605378
Is over-reliance on organic products causing unnecessary self-imposed suffering?,Appreciating Quality Over Quantity: The Importance of Taste and Cultural Context in Food Trends,0.312130809,0.549478
Is over-reliance on organic products causing unnecessary self-imposed suffering?,Prioritizing taste and quality over health benefits in the wellness movement.,0.405781955,0.51698035
Is over-reliance on organic products causing unnecessary self-imposed suffering?,Wine Quality Should be Prioritized,0.132451549,0.37750107
Is over-reliance on organic products causing unnecessary self-imposed suffering?,"Wine's cultural significance, artistry, and joy in savoring a good glass with friends",0.080932692,0.23763132
Is over-reliance on organic products causing unnecessary self-imposed suffering?,Celebrities Promoting Clean Wine: Influence on Consumer Behavior and Wellness Trend,0.358320117,0.4058176
"Health risks of excessive drinking and addiction, with focus on wine consumption","Cultural Significance of Wine: Quality, Craftsmanship, or Cleanliness?",0.505925417,0.62468076
"Health risks of excessive drinking and addiction, with focus on wine consumption","Finding Balance: Appreciating Wine's Taste, Quality, and Health Benefits",0.618877888,0.58975744
"Health risks of excessive drinking and addiction, with focus on wine consumption",Appreciating Quality Over Quantity: The Importance of Taste and Cultural Context in Food Trends,0.225502908,0.50602573
"Health risks of excessive drinking and addiction, with focus on wine consumption",Prioritizing taste and quality over health benefits in the wellness movement.,0.290834785,0.56068313
"Health risks of excessive drinking and addiction, with focus on wine consumption",Wine Quality Should be Prioritized,0.505951107,0.5958107
"Health risks of excessive drinking and addiction, with focus on wine consumption","Wine's cultural significance, artistry, and joy in savoring a good glass with friends",0.536721349,0.5840276
"Health risks of excessive drinking and addiction, with focus on wine consumption",Celebrities Promoting Clean Wine: Influence on Consumer Behavior and Wellness Trend,0.570918143,0.63893664
"Alcohol consumption and its effects on health, social habits, and personal choices",Embracing Quality and Taste in Food and Drink Consumption: Balancing Tradition and Innovation,0.392134935,0.50924623
"Alcohol consumption and its effects on health, social habits, and personal choices",Celebrity endorsements influencing consumer preferences and driving trends in wine industry,0.412612796,0.6035502
"Alcohol consumption and its effects on health, social habits, and personal choices",Here is one topic generated from the words:Balancing Health Benefits with Wine Quality,0.469505847,0.5607901
"Alcohol consumption and its effects on health, social habits, and personal choices",Prioritizing quality and sustainability in winemaking: appreciating wine for its complexity and nuance.,0.349918425,0.4731919
"Alcohol consumption and its effects on health, social habits, and personal choices",Exploring the Cultural Significance and Quality of Clean Wine vs. Traditional Winemaking Practices,0.399926335,0.5412065
"Alcohol consumption and its effects on health, social habits, and personal choices","Wine Appreciation: Celebrating Artistry, Craftsmanship, and Cultural Significance",0.299221665,0.45789963
"Alcohol consumption and its effects on health, social habits, and personal choices",Emphasis on Quality Over Health Benefits: Balancing Taste and Wellness,0.389919281,0.5816815
Preference for organic wine and concerns about additives in commercial wines.,Embracing Quality and Taste in Food and Drink Consumption: Balancing Tradition and Innovation,0.333949625,0.5856995
Preference for organic wine and concerns about additives in commercial wines.,Celebrity endorsements influencing consumer preferences and driving trends in wine industry,0.482327044,0.5730336
Preference for organic wine and concerns about additives in commercial wines.,Here is one topic generated from the words:Balancing Health Benefits with Wine Quality,0.539854288,0.6809262
Preference for organic wine and concerns about additives in commercial wines.,Prioritizing quality and sustainability in winemaking: appreciating wine for its complexity and nuance.,0.630951285,0.69449306
Preference for organic wine and concerns about additives in commercial wines.,Exploring the Cultural Significance and Quality of Clean Wine vs. Traditional Winemaking Practices,0.52807337,0.77346987
Preference for organic wine and concerns about additives in commercial wines.,"Wine Appreciation: Celebrating Artistry, Craftsmanship, and Cultural Significance",0.456103086,0.5870997
Preference for organic wine and concerns about additives in commercial wines.,Emphasis on Quality Over Health Benefits: Balancing Taste and Wellness,0.328541219,0.62200224
The Importance of Enjoying Wine Without Judgment or Snobbery,Embracing Quality and Taste in Food and Drink Consumption: Balancing Tradition and Innovation,0.479403794,0.55091983
The Importance of Enjoying Wine Without Judgment or Snobbery,Celebrity endorsements influencing consumer preferences and driving trends in wine industry,0.536025405,0.5915388
The Importance of Enjoying Wine Without Judgment or Snobbery,Here is one topic generated from the words:Balancing Health Benefits with Wine Quality,0.55641824,0.6892345
The Importance of Enjoying Wine Without Judgment or Snobbery,Prioritizing quality and sustainability in winemaking: appreciating wine for its complexity and nuance.,0.646647453,0.68848675
The Importance of Enjoying Wine Without Judgment or Snobbery,Exploring the Cultural Significance and Quality of Clean Wine vs. Traditional Winemaking Practices,0.639375687,0.752216
The Importance of Enjoying Wine Without Judgment or Snobbery,"Wine Appreciation: Celebrating Artistry, Craftsmanship, and Cultural Significance",0.659978271,0.70660424
The Importance of Enjoying Wine Without Judgment or Snobbery,Emphasis on Quality Over Health Benefits: Balancing Taste and Wellness,0.428438663,0.5994783
Is over-reliance on organic products causing unnecessary self-imposed suffering?,Embracing Quality and Taste in Food and Drink Consumption: Balancing Tradition and Innovation,0.301016897,0.43120298
Is over-reliance on organic products causing unnecessary self-imposed suffering?,Celebrity endorsements influencing consumer preferences and driving trends in wine industry,0.265736192,0.41446367
Is over-reliance on organic products causing unnecessary self-imposed suffering?,Here is one topic generated from the words:Balancing Health Benefits with Wine Quality,0.278910547,0.40039736
Is over-reliance on organic products causing unnecessary self-imposed suffering?,Prioritizing quality and sustainability in winemaking: appreciating wine for its complexity and nuance.,0.311441928,0.49321705
Is over-reliance on organic products causing unnecessary self-imposed suffering?,Exploring the Cultural Significance and Quality of Clean Wine vs. Traditional Winemaking Practices,0.149732009,0.5447715
Is over-reliance on organic products causing unnecessary self-imposed suffering?,"Wine Appreciation: Celebrating Artistry, Craftsmanship, and Cultural Significance",0.055765353,0.32591435
Is over-reliance on organic products causing unnecessary self-imposed suffering?,Emphasis on Quality Over Health Benefits: Balancing Taste and Wellness,0.412106156,0.5207326
"Health risks of excessive drinking and addiction, with focus on wine consumption",Embracing Quality and Taste in Food and Drink Consumption: Balancing Tradition and Innovation,0.376069516,0.4890799
"Health risks of excessive drinking and addiction, with focus on wine consumption",Celebrity endorsements influencing consumer preferences and driving trends in wine industry,0.48071894,0.7056545
"Health risks of excessive drinking and addiction, with focus on wine consumption",Here is one topic generated from the words:Balancing Health Benefits with Wine Quality,0.563871145,0.67727315
"Health risks of excessive drinking and addiction, with focus on wine consumption",Prioritizing quality and sustainability in winemaking: appreciating wine for its complexity and nuance.,0.519488811,0.70419085
"Health risks of excessive drinking and addiction, with focus on wine consumption",Exploring the Cultural Significance and Quality of Clean Wine vs. Traditional Winemaking Practices,0.552411735,0.6724782
"Health risks of excessive drinking and addiction, with focus on wine consumption","Wine Appreciation: Celebrating Artistry, Craftsmanship, and Cultural Significance",0.471535534,0.6099459
"Health risks of excessive drinking and addiction, with focus on wine consumption",Emphasis on Quality Over Health Benefits: Balancing Taste and Wellness,0.343504161,0.54902226
