real_word_topics,simulated_topics,Similarity
"Alcohol consumption and its effects on health, social habits, and personal choices",Sustainable wine production methods: balancing quality with environmental impact,0.305328101
"Alcohol consumption and its effects on health, social habits, and personal choices","Appreciation for craftsmanship and quality in wine, whether artisanal or mass-produced.",0.243566424
"Alcohol consumption and its effects on health, social habits, and personal choices",Strongly Agreeing with Author's Perspective,0.055896237
"Alcohol consumption and its effects on health, social habits, and personal choices","Wine's cultural significance in wellness trends, balancing health benefits with quality and taste.",0.504208028
"Alcohol consumption and its effects on health, social habits, and personal choices",Appreciating Wine for Taste and Quality Over Health Benefits,0.502279222
"Alcohol consumption and its effects on health, social habits, and personal choices",Prioritizing taste and quality over health benefits in everyday life.,0.426072001
"Alcohol consumption and its effects on health, social habits, and personal choices",The pros and cons of the clean wine trend in the wine industry.,0.386180401
"Alcohol consumption and its effects on health, social habits, and personal choices","Appreciating the Artistry Behind Wine, Not Just Its Health Benefits.",0.506460905
"Alcohol consumption and its effects on health, social habits, and personal choices",Appreciating quality over perceived health benefits in the wellness trend,0.362134814
"Alcohol consumption and its effects on health, social habits, and personal choices",Value of quality over marketing gimmicks in consumer purchasing decisions.,0.174796164
"Alcohol consumption and its effects on health, social habits, and personal choices",Importance of finding balance in life for overall well-being and moderation.,0.336631209
"Alcohol consumption and its effects on health, social habits, and personal choices","Wine Appreciation: Focus on Quality and Taste, Not Just Marketing Spin",0.34808898
"Alcohol consumption and its effects on health, social habits, and personal choices","Wine can bring people together, creating meaningful experiences and memorable moments.",0.384272546
"Alcohol consumption and its effects on health, social habits, and personal choices",Finding a balance or middle ground between two competing options.,-0.000533583
"Alcohol consumption and its effects on health, social habits, and personal choices",Balancing Enjoyment and Responsibility: Finding a Balance Between Indulging and Taking Care of Ourselves,0.32533145
"Alcohol consumption and its effects on health, social habits, and personal choices","Celebrities like Cameron Diaz popularizing clean wine, promoting healthier drinking habits.",0.418836325
"Alcohol consumption and its effects on health, social habits, and personal choices","Appreciation for good taste and quality in drinking, particularly wine.",0.431775212
"Alcohol consumption and its effects on health, social habits, and personal choices",Supporting Local Wine Shops and Winemakers Over Buying from Big Companies.,0.274095088
"Alcohol consumption and its effects on health, social habits, and personal choices","Balancing appreciation for wine's taste, quality, and cultural significance with health concerns.",0.493808061
Preference for organic wine and concerns about additives in commercial wines.,Sustainable wine production methods: balancing quality with environmental impact,0.611443222
Preference for organic wine and concerns about additives in commercial wines.,"Appreciation for craftsmanship and quality in wine, whether artisanal or mass-produced.",0.532568336
Preference for organic wine and concerns about additives in commercial wines.,Strongly Agreeing with Author's Perspective,0.041954145
Preference for organic wine and concerns about additives in commercial wines.,"Wine's cultural significance in wellness trends, balancing health benefits with quality and taste.",0.569194615
Preference for organic wine and concerns about additives in commercial wines.,Appreciating Wine for Taste and Quality Over Health Benefits,0.620849252
Preference for organic wine and concerns about additives in commercial wines.,Prioritizing taste and quality over health benefits in everyday life.,0.37988922
Preference for organic wine and concerns about additives in commercial wines.,The pros and cons of the clean wine trend in the wine industry.,0.605672121
Preference for organic wine and concerns about additives in commercial wines.,"Appreciating the Artistry Behind Wine, Not Just Its Health Benefits.",0.578944087
Preference for organic wine and concerns about additives in commercial wines.,Appreciating quality over perceived health benefits in the wellness trend,0.226601377
Preference for organic wine and concerns about additives in commercial wines.,Value of quality over marketing gimmicks in consumer purchasing decisions.,0.188061357
Preference for organic wine and concerns about additives in commercial wines.,Importance of finding balance in life for overall well-being and moderation.,0.148494601
Preference for organic wine and concerns about additives in commercial wines.,"Wine Appreciation: Focus on Quality and Taste, Not Just Marketing Spin",0.609258175
Preference for organic wine and concerns about additives in commercial wines.,"Wine can bring people together, creating meaningful experiences and memorable moments.",0.437676907
Preference for organic wine and concerns about additives in commercial wines.,Finding a balance or middle ground between two competing options.,0.071418323
Preference for organic wine and concerns about additives in commercial wines.,Balancing Enjoyment and Responsibility: Finding a Balance Between Indulging and Taking Care of Ourselves,0.089118972
Preference for organic wine and concerns about additives in commercial wines.,"Celebrities like Cameron Diaz popularizing clean wine, promoting healthier drinking habits.",0.398070157
Preference for organic wine and concerns about additives in commercial wines.,"Appreciation for good taste and quality in drinking, particularly wine.",0.539651752
Preference for organic wine and concerns about additives in commercial wines.,Supporting Local Wine Shops and Winemakers Over Buying from Big Companies.,0.46962437
Preference for organic wine and concerns about additives in commercial wines.,"Balancing appreciation for wine's taste, quality, and cultural significance with health concerns.",0.578776062
The Importance of Enjoying Wine Without Judgment or Snobbery,Sustainable wine production methods: balancing quality with environmental impact,0.55686599
The Importance of Enjoying Wine Without Judgment or Snobbery,"Appreciation for craftsmanship and quality in wine, whether artisanal or mass-produced.",0.564843893
The Importance of Enjoying Wine Without Judgment or Snobbery,Strongly Agreeing with Author's Perspective,0.203547701
The Importance of Enjoying Wine Without Judgment or Snobbery,"Wine's cultural significance in wellness trends, balancing health benefits with quality and taste.",0.654625654
The Importance of Enjoying Wine Without Judgment or Snobbery,Appreciating Wine for Taste and Quality Over Health Benefits,0.700809538
The Importance of Enjoying Wine Without Judgment or Snobbery,Prioritizing taste and quality over health benefits in everyday life.,0.426080495
The Importance of Enjoying Wine Without Judgment or Snobbery,The pros and cons of the clean wine trend in the wine industry.,0.580614448
The Importance of Enjoying Wine Without Judgment or Snobbery,"Appreciating the Artistry Behind Wine, Not Just Its Health Benefits.",0.695379496
The Importance of Enjoying Wine Without Judgment or Snobbery,Appreciating quality over perceived health benefits in the wellness trend,0.305552006
The Importance of Enjoying Wine Without Judgment or Snobbery,Value of quality over marketing gimmicks in consumer purchasing decisions.,0.283624053
The Importance of Enjoying Wine Without Judgment or Snobbery,Importance of finding balance in life for overall well-being and moderation.,0.344818681
The Importance of Enjoying Wine Without Judgment or Snobbery,"Wine Appreciation: Focus on Quality and Taste, Not Just Marketing Spin",0.688473225
The Importance of Enjoying Wine Without Judgment or Snobbery,"Wine can bring people together, creating meaningful experiences and memorable moments.",0.604943275
The Importance of Enjoying Wine Without Judgment or Snobbery,Finding a balance or middle ground between two competing options.,0.076941594
The Importance of Enjoying Wine Without Judgment or Snobbery,Balancing Enjoyment and Responsibility: Finding a Balance Between Indulging and Taking Care of Ourselves,0.385519952
The Importance of Enjoying Wine Without Judgment or Snobbery,"Celebrities like Cameron Diaz popularizing clean wine, promoting healthier drinking habits.",0.43959409
The Importance of Enjoying Wine Without Judgment or Snobbery,"Appreciation for good taste and quality in drinking, particularly wine.",0.688431978
The Importance of Enjoying Wine Without Judgment or Snobbery,Supporting Local Wine Shops and Winemakers Over Buying from Big Companies.,0.482275933
The Importance of Enjoying Wine Without Judgment or Snobbery,"Balancing appreciation for wine's taste, quality, and cultural significance with health concerns.",0.707412302
Is over-reliance on organic products causing unnecessary self-imposed suffering?,Sustainable wine production methods: balancing quality with environmental impact,0.301539719
Is over-reliance on organic products causing unnecessary self-imposed suffering?,"Appreciation for craftsmanship and quality in wine, whether artisanal or mass-produced.",0.165197998
Is over-reliance on organic products causing unnecessary self-imposed suffering?,Strongly Agreeing with Author's Perspective,0.15841575
Is over-reliance on organic products causing unnecessary self-imposed suffering?,"Wine's cultural significance in wellness trends, balancing health benefits with quality and taste.",0.259271979
Is over-reliance on organic products causing unnecessary self-imposed suffering?,Appreciating Wine for Taste and Quality Over Health Benefits,0.316298664
Is over-reliance on organic products causing unnecessary self-imposed suffering?,Prioritizing taste and quality over health benefits in everyday life.,0.380244166
Is over-reliance on organic products causing unnecessary self-imposed suffering?,The pros and cons of the clean wine trend in the wine industry.,0.204207167
Is over-reliance on organic products causing unnecessary self-imposed suffering?,"Appreciating the Artistry Behind Wine, Not Just Its Health Benefits.",0.292751819
Is over-reliance on organic products causing unnecessary self-imposed suffering?,Appreciating quality over perceived health benefits in the wellness trend,0.395899355
Is over-reliance on organic products causing unnecessary self-imposed suffering?,Value of quality over marketing gimmicks in consumer purchasing decisions.,0.295139015
Is over-reliance on organic products causing unnecessary self-imposed suffering?,Importance of finding balance in life for overall well-being and moderation.,0.258002013
Is over-reliance on organic products causing unnecessary self-imposed suffering?,"Wine Appreciation: Focus on Quality and Taste, Not Just Marketing Spin",0.251323521
Is over-reliance on organic products causing unnecessary self-imposed suffering?,"Wine can bring people together, creating meaningful experiences and memorable moments.",0.095528677
Is over-reliance on organic products causing unnecessary self-imposed suffering?,Finding a balance or middle ground between two competing options.,0.057893604
Is over-reliance on organic products causing unnecessary self-imposed suffering?,Balancing Enjoyment and Responsibility: Finding a Balance Between Indulging and Taking Care of Ourselves,0.390925616
Is over-reliance on organic products causing unnecessary self-imposed suffering?,"Celebrities like Cameron Diaz popularizing clean wine, promoting healthier drinking habits.",0.20920825
Is over-reliance on organic products causing unnecessary self-imposed suffering?,"Appreciation for good taste and quality in drinking, particularly wine.",0.097570911
Is over-reliance on organic products causing unnecessary self-imposed suffering?,Supporting Local Wine Shops and Winemakers Over Buying from Big Companies.,0.183562249
Is over-reliance on organic products causing unnecessary self-imposed suffering?,"Balancing appreciation for wine's taste, quality, and cultural significance with health concerns.",0.259215891
"Health risks of excessive drinking and addiction, with focus on wine consumption",Sustainable wine production methods: balancing quality with environmental impact,0.505161464
"Health risks of excessive drinking and addiction, with focus on wine consumption","Appreciation for craftsmanship and quality in wine, whether artisanal or mass-produced.",0.421872944
"Health risks of excessive drinking and addiction, with focus on wine consumption",Strongly Agreeing with Author's Perspective,0.01067296
"Health risks of excessive drinking and addiction, with focus on wine consumption","Wine's cultural significance in wellness trends, balancing health benefits with quality and taste.",0.611898839
"Health risks of excessive drinking and addiction, with focus on wine consumption",Appreciating Wine for Taste and Quality Over Health Benefits,0.636676192
"Health risks of excessive drinking and addiction, with focus on wine consumption",Prioritizing taste and quality over health benefits in everyday life.,0.331263959
"Health risks of excessive drinking and addiction, with focus on wine consumption",The pros and cons of the clean wine trend in the wine industry.,0.555256009
"Health risks of excessive drinking and addiction, with focus on wine consumption","Appreciating the Artistry Behind Wine, Not Just Its Health Benefits.",0.600419998
"Health risks of excessive drinking and addiction, with focus on wine consumption",Appreciating quality over perceived health benefits in the wellness trend,0.277209014
"Health risks of excessive drinking and addiction, with focus on wine consumption",Value of quality over marketing gimmicks in consumer purchasing decisions.,0.0872695
"Health risks of excessive drinking and addiction, with focus on wine consumption",Importance of finding balance in life for overall well-being and moderation.,0.250347853
"Health risks of excessive drinking and addiction, with focus on wine consumption","Wine Appreciation: Focus on Quality and Taste, Not Just Marketing Spin",0.528969765
"Health risks of excessive drinking and addiction, with focus on wine consumption","Wine can bring people together, creating meaningful experiences and memorable moments.",0.49953115
"Health risks of excessive drinking and addiction, with focus on wine consumption",Finding a balance or middle ground between two competing options.,-0.023501918
"Health risks of excessive drinking and addiction, with focus on wine consumption",Balancing Enjoyment and Responsibility: Finding a Balance Between Indulging and Taking Care of Ourselves,0.241712108
"Health risks of excessive drinking and addiction, with focus on wine consumption","Celebrities like Cameron Diaz popularizing clean wine, promoting healthier drinking habits.",0.49762404
"Health risks of excessive drinking and addiction, with focus on wine consumption","Appreciation for good taste and quality in drinking, particularly wine.",0.518249631
"Health risks of excessive drinking and addiction, with focus on wine consumption",Supporting Local Wine Shops and Winemakers Over Buying from Big Companies.,0.393762171
"Health risks of excessive drinking and addiction, with focus on wine consumption","Balancing appreciation for wine's taste, quality, and cultural significance with health concerns.",0.645559788
"Alcohol consumption and its effects on health, social habits, and personal choices",Should We Focus on Quality or Clean Label When it Comes to Wine?,0.265000105
"Alcohol consumption and its effects on health, social habits, and personal choices",Appreciating Nuance in Trends: Balancing Quality and Sustainability in Consumer Choices,0.203435227
"Alcohol consumption and its effects on health, social habits, and personal choices",Wine appreciation: Prioritizing taste and quality over perceived health benefits,0.534099162
"Alcohol consumption and its effects on health, social habits, and personal choices",The Importance of Quality and Taste in Food and Drink,0.41205138
"Alcohol consumption and its effects on health, social habits, and personal choices","Appreciating Good Wine: Balancing Quality, Taste, and Human Connection",0.423679352
"Alcohol consumption and its effects on health, social habits, and personal choices","Balancing Wellness Trends with Quality, Enjoyment, and Self-Care: A Nuanced Approach.",0.334981203
"Alcohol consumption and its effects on health, social habits, and personal choices","Appreciating the Artistry Behind Wine Making: Quality, Craftsmanship, and Passion",0.286933005
Preference for organic wine and concerns about additives in commercial wines.,Should We Focus on Quality or Clean Label When it Comes to Wine?,0.523569107
Preference for organic wine and concerns about additives in commercial wines.,Appreciating Nuance in Trends: Balancing Quality and Sustainability in Consumer Choices,0.238374665
Preference for organic wine and concerns about additives in commercial wines.,Wine appreciation: Prioritizing taste and quality over perceived health benefits,0.6070925
Preference for organic wine and concerns about additives in commercial wines.,The Importance of Quality and Taste in Food and Drink,0.372163862
Preference for organic wine and concerns about additives in commercial wines.,"Appreciating Good Wine: Balancing Quality, Taste, and Human Connection",0.592165411
Preference for organic wine and concerns about additives in commercial wines.,"Balancing Wellness Trends with Quality, Enjoyment, and Self-Care: A Nuanced Approach.",0.20675692
Preference for organic wine and concerns about additives in commercial wines.,"Appreciating the Artistry Behind Wine Making: Quality, Craftsmanship, and Passion",0.50359118
The Importance of Enjoying Wine Without Judgment or Snobbery,Should We Focus on Quality or Clean Label When it Comes to Wine?,0.528490126
The Importance of Enjoying Wine Without Judgment or Snobbery,Appreciating Nuance in Trends: Balancing Quality and Sustainability in Consumer Choices,0.280469298
The Importance of Enjoying Wine Without Judgment or Snobbery,Wine appreciation: Prioritizing taste and quality over perceived health benefits,0.701398194
The Importance of Enjoying Wine Without Judgment or Snobbery,The Importance of Quality and Taste in Food and Drink,0.520498991
The Importance of Enjoying Wine Without Judgment or Snobbery,"Appreciating Good Wine: Balancing Quality, Taste, and Human Connection",0.739761651
The Importance of Enjoying Wine Without Judgment or Snobbery,"Balancing Wellness Trends with Quality, Enjoyment, and Self-Care: A Nuanced Approach.",0.307649314
The Importance of Enjoying Wine Without Judgment or Snobbery,"Appreciating the Artistry Behind Wine Making: Quality, Craftsmanship, and Passion",0.642795682
Is over-reliance on organic products causing unnecessary self-imposed suffering?,Should We Focus on Quality or Clean Label When it Comes to Wine?,0.169542238
Is over-reliance on organic products causing unnecessary self-imposed suffering?,Appreciating Nuance in Trends: Balancing Quality and Sustainability in Consumer Choices,0.406148821
Is over-reliance on organic products causing unnecessary self-imposed suffering?,Wine appreciation: Prioritizing taste and quality over perceived health benefits,0.315779269
Is over-reliance on organic products causing unnecessary self-imposed suffering?,The Importance of Quality and Taste in Food and Drink,0.268253207
Is over-reliance on organic products causing unnecessary self-imposed suffering?,"Appreciating Good Wine: Balancing Quality, Taste, and Human Connection",0.215382501
Is over-reliance on organic products causing unnecessary self-imposed suffering?,"Balancing Wellness Trends with Quality, Enjoyment, and Self-Care: A Nuanced Approach.",0.40901354
Is over-reliance on organic products causing unnecessary self-imposed suffering?,"Appreciating the Artistry Behind Wine Making: Quality, Craftsmanship, and Passion",0.121526837
"Health risks of excessive drinking and addiction, with focus on wine consumption",Should We Focus on Quality or Clean Label When it Comes to Wine?,0.48769182
"Health risks of excessive drinking and addiction, with focus on wine consumption",Appreciating Nuance in Trends: Balancing Quality and Sustainability in Consumer Choices,0.121216089
"Health risks of excessive drinking and addiction, with focus on wine consumption",Wine appreciation: Prioritizing taste and quality over perceived health benefits,0.620113492
"Health risks of excessive drinking and addiction, with focus on wine consumption",The Importance of Quality and Taste in Food and Drink,0.386345565
"Health risks of excessive drinking and addiction, with focus on wine consumption","Appreciating Good Wine: Balancing Quality, Taste, and Human Connection",0.567185998
"Health risks of excessive drinking and addiction, with focus on wine consumption","Balancing Wellness Trends with Quality, Enjoyment, and Self-Care: A Nuanced Approach.",0.2596623
"Health risks of excessive drinking and addiction, with focus on wine consumption","Appreciating the Artistry Behind Wine Making: Quality, Craftsmanship, and Passion",0.463197887
"Alcohol consumption and its effects on health, social habits, and personal choices",Exploring intersection of environmental sustainability and consumer behavior in creative industries.,0.213457912
"Alcohol consumption and its effects on health, social habits, and personal choices",Celebrities' influence on the clean wine movement and appreciation of wine quality.,0.433878124
"Alcohol consumption and its effects on health, social habits, and personal choices","Wine is meant to be enjoyed, whether sharing with friends or savoring solo.",0.365181625
"Alcohol consumption and its effects on health, social habits, and personal choices",Prioritizing Taste and Quality Over Health Benefits in Food and Drink,0.44320029
"Alcohol consumption and its effects on health, social habits, and personal choices",Sustainability in the Wine Industry: Balancing Environmental Impact with Quality and Tradition,0.335185617
"Alcohol consumption and its effects on health, social habits, and personal choices",Balancing Quality Over Health Trends in Wellness Movement: Separating Fact from Fiction,0.271831363
"Alcohol consumption and its effects on health, social habits, and personal choices","Appreciating wine as an art form, beyond just its health benefits.",0.430096507
"Alcohol consumption and its effects on health, social habits, and personal choices",Appreciating Good Wine: Focus on Taste and Quality Over Marketing Hype,0.337130189
"Alcohol consumption and its effects on health, social habits, and personal choices",Clean Wine Trend: Separating Hype from Substance in Quality Products,0.306560516
"Alcohol consumption and its effects on health, social habits, and personal choices","Wine appreciation: Focusing on taste, quality, and cultural significance over health benefits.",0.513423085
"Alcohol consumption and its effects on health, social habits, and personal choices",Finding Balance: Navigating the Nuances of Enjoying Life's Pleasures Responsibly,0.354183853
Preference for organic wine and concerns about additives in commercial wines.,Exploring intersection of environmental sustainability and consumer behavior in creative industries.,0.169844806
Preference for organic wine and concerns about additives in commercial wines.,Celebrities' influence on the clean wine movement and appreciation of wine quality.,0.506200314
Preference for organic wine and concerns about additives in commercial wines.,"Wine is meant to be enjoyed, whether sharing with friends or savoring solo.",0.425095946
Preference for organic wine and concerns about additives in commercial wines.,Prioritizing Taste and Quality Over Health Benefits in Food and Drink,0.375677586
Preference for organic wine and concerns about additives in commercial wines.,Sustainability in the Wine Industry: Balancing Environmental Impact with Quality and Tradition,0.557390332
Preference for organic wine and concerns about additives in commercial wines.,Balancing Quality Over Health Trends in Wellness Movement: Separating Fact from Fiction,0.13756071
Preference for organic wine and concerns about additives in commercial wines.,"Appreciating wine as an art form, beyond just its health benefits.",0.510910153
Preference for organic wine and concerns about additives in commercial wines.,Appreciating Good Wine: Focus on Taste and Quality Over Marketing Hype,0.580385566
Preference for organic wine and concerns about additives in commercial wines.,Clean Wine Trend: Separating Hype from Substance in Quality Products,0.572390556
Preference for organic wine and concerns about additives in commercial wines.,"Wine appreciation: Focusing on taste, quality, and cultural significance over health benefits.",0.597766638
Preference for organic wine and concerns about additives in commercial wines.,Finding Balance: Navigating the Nuances of Enjoying Life's Pleasures Responsibly,0.15153423
The Importance of Enjoying Wine Without Judgment or Snobbery,Exploring intersection of environmental sustainability and consumer behavior in creative industries.,0.214781523
The Importance of Enjoying Wine Without Judgment or Snobbery,Celebrities' influence on the clean wine movement and appreciation of wine quality.,0.629194558
The Importance of Enjoying Wine Without Judgment or Snobbery,"Wine is meant to be enjoyed, whether sharing with friends or savoring solo.",0.602214932
The Importance of Enjoying Wine Without Judgment or Snobbery,Prioritizing Taste and Quality Over Health Benefits in Food and Drink,0.425936162
The Importance of Enjoying Wine Without Judgment or Snobbery,Sustainability in the Wine Industry: Balancing Environmental Impact with Quality and Tradition,0.587849438
The Importance of Enjoying Wine Without Judgment or Snobbery,Balancing Quality Over Health Trends in Wellness Movement: Separating Fact from Fiction,0.170151323
The Importance of Enjoying Wine Without Judgment or Snobbery,"Appreciating wine as an art form, beyond just its health benefits.",0.625277042
The Importance of Enjoying Wine Without Judgment or Snobbery,Appreciating Good Wine: Focus on Taste and Quality Over Marketing Hype,0.665069282
The Importance of Enjoying Wine Without Judgment or Snobbery,Clean Wine Trend: Separating Hype from Substance in Quality Products,0.560491085
The Importance of Enjoying Wine Without Judgment or Snobbery,"Wine appreciation: Focusing on taste, quality, and cultural significance over health benefits.",0.707663596
The Importance of Enjoying Wine Without Judgment or Snobbery,Finding Balance: Navigating the Nuances of Enjoying Life's Pleasures Responsibly,0.490265489
Is over-reliance on organic products causing unnecessary self-imposed suffering?,Exploring intersection of environmental sustainability and consumer behavior in creative industries.,0.372082233
Is over-reliance on organic products causing unnecessary self-imposed suffering?,Celebrities' influence on the clean wine movement and appreciation of wine quality.,0.176018775
Is over-reliance on organic products causing unnecessary self-imposed suffering?,"Wine is meant to be enjoyed, whether sharing with friends or savoring solo.",0.124992058
Is over-reliance on organic products causing unnecessary self-imposed suffering?,Prioritizing Taste and Quality Over Health Benefits in Food and Drink,0.368858337
Is over-reliance on organic products causing unnecessary self-imposed suffering?,Sustainability in the Wine Industry: Balancing Environmental Impact with Quality and Tradition,0.294081479
Is over-reliance on organic products causing unnecessary self-imposed suffering?,Balancing Quality Over Health Trends in Wellness Movement: Separating Fact from Fiction,0.325176507
Is over-reliance on organic products causing unnecessary self-imposed suffering?,"Appreciating wine as an art form, beyond just its health benefits.",0.282556593
Is over-reliance on organic products causing unnecessary self-imposed suffering?,Appreciating Good Wine: Focus on Taste and Quality Over Marketing Hype,0.202439606
Is over-reliance on organic products causing unnecessary self-imposed suffering?,Clean Wine Trend: Separating Hype from Substance in Quality Products,0.278173566
Is over-reliance on organic products causing unnecessary self-imposed suffering?,"Wine appreciation: Focusing on taste, quality, and cultural significance over health benefits.",0.24022904
Is over-reliance on organic products causing unnecessary self-imposed suffering?,Finding Balance: Navigating the Nuances of Enjoying Life's Pleasures Responsibly,0.32719782
"Health risks of excessive drinking and addiction, with focus on wine consumption",Exploring intersection of environmental sustainability and consumer behavior in creative industries.,0.158658877
"Health risks of excessive drinking and addiction, with focus on wine consumption",Celebrities' influence on the clean wine movement and appreciation of wine quality.,0.517345309
"Health risks of excessive drinking and addiction, with focus on wine consumption","Wine is meant to be enjoyed, whether sharing with friends or savoring solo.",0.459462017
"Health risks of excessive drinking and addiction, with focus on wine consumption",Prioritizing Taste and Quality Over Health Benefits in Food and Drink,0.384436995
"Health risks of excessive drinking and addiction, with focus on wine consumption",Sustainability in the Wine Industry: Balancing Environmental Impact with Quality and Tradition,0.508354187
"Health risks of excessive drinking and addiction, with focus on wine consumption",Balancing Quality Over Health Trends in Wellness Movement: Separating Fact from Fiction,0.212634534
"Health risks of excessive drinking and addiction, with focus on wine consumption","Appreciating wine as an art form, beyond just its health benefits.",0.562236249
"Health risks of excessive drinking and addiction, with focus on wine consumption",Appreciating Good Wine: Focus on Taste and Quality Over Marketing Hype,0.518651366
"Health risks of excessive drinking and addiction, with focus on wine consumption",Clean Wine Trend: Separating Hype from Substance in Quality Products,0.500222743
"Health risks of excessive drinking and addiction, with focus on wine consumption","Wine appreciation: Focusing on taste, quality, and cultural significance over health benefits.",0.626995444
"Health risks of excessive drinking and addiction, with focus on wine consumption",Finding Balance: Navigating the Nuances of Enjoying Life's Pleasures Responsibly,0.298733771
"Alcohol consumption and its effects on health, social habits, and personal choices","Celebrating individuality and self-expression through fashion, beauty, and sustainability trends.",0.269487679
"Alcohol consumption and its effects on health, social habits, and personal choices",Appreciating Wine for Its Taste and Quality: A Shift in Focus,0.383145481
"Alcohol consumption and its effects on health, social habits, and personal choices","Sustainable Wine Production: Balancing Taste, Quality, and Environmental Impact",0.383416981
"Alcohol consumption and its effects on health, social habits, and personal choices",Balancing quality with health benefits: nuance in wellness trends matters,0.306688547
"Alcohol consumption and its effects on health, social habits, and personal choices","Clean Wine Trend: Balance Quality, Taste, and Marketing Hype",0.336317003
"Alcohol consumption and its effects on health, social habits, and personal choices",Prioritizing Taste and Quality Over Health Benefits in Craft Beer,0.474874318
"Alcohol consumption and its effects on health, social habits, and personal choices","Appreciating Artistry in Winemaking: Harmony, Balance, and Attention to Detail.",0.270439178
"Alcohol consumption and its effects on health, social habits, and personal choices","Wine appreciation: balancing taste, quality, and cultural significance with wellness trends",0.473733962
Preference for organic wine and concerns about additives in commercial wines.,"Celebrating individuality and self-expression through fashion, beauty, and sustainability trends.",0.115819097
Preference for organic wine and concerns about additives in commercial wines.,Appreciating Wine for Its Taste and Quality: A Shift in Focus,0.585069418
Preference for organic wine and concerns about additives in commercial wines.,"Sustainable Wine Production: Balancing Taste, Quality, and Environmental Impact",0.672912478
Preference for organic wine and concerns about additives in commercial wines.,Balancing quality with health benefits: nuance in wellness trends matters,0.21572575
Preference for organic wine and concerns about additives in commercial wines.,"Clean Wine Trend: Balance Quality, Taste, and Marketing Hype",0.585924923
Preference for organic wine and concerns about additives in commercial wines.,Prioritizing Taste and Quality Over Health Benefits in Craft Beer,0.462748408
Preference for organic wine and concerns about additives in commercial wines.,"Appreciating Artistry in Winemaking: Harmony, Balance, and Attention to Detail.",0.452116072
Preference for organic wine and concerns about additives in commercial wines.,"Wine appreciation: balancing taste, quality, and cultural significance with wellness trends",0.586138844
The Importance of Enjoying Wine Without Judgment or Snobbery,"Celebrating individuality and self-expression through fashion, beauty, and sustainability trends.",0.197339982
The Importance of Enjoying Wine Without Judgment or Snobbery,Appreciating Wine for Its Taste and Quality: A Shift in Focus,0.710885525
The Importance of Enjoying Wine Without Judgment or Snobbery,"Sustainable Wine Production: Balancing Taste, Quality, and Environmental Impact",0.663894296
The Importance of Enjoying Wine Without Judgment or Snobbery,Balancing quality with health benefits: nuance in wellness trends matters,0.271110445
The Importance of Enjoying Wine Without Judgment or Snobbery,"Clean Wine Trend: Balance Quality, Taste, and Marketing Hype",0.600051999
The Importance of Enjoying Wine Without Judgment or Snobbery,Prioritizing Taste and Quality Over Health Benefits in Craft Beer,0.479876608
The Importance of Enjoying Wine Without Judgment or Snobbery,"Appreciating Artistry in Winemaking: Harmony, Balance, and Attention to Detail.",0.642989814
The Importance of Enjoying Wine Without Judgment or Snobbery,"Wine appreciation: balancing taste, quality, and cultural significance with wellness trends",0.708430052
Is over-reliance on organic products causing unnecessary self-imposed suffering?,"Celebrating individuality and self-expression through fashion, beauty, and sustainability trends.",0.234686971
Is over-reliance on organic products causing unnecessary self-imposed suffering?,Appreciating Wine for Its Taste and Quality: A Shift in Focus,0.206422806
Is over-reliance on organic products causing unnecessary self-imposed suffering?,"Sustainable Wine Production: Balancing Taste, Quality, and Environmental Impact",0.313080847
Is over-reliance on organic products causing unnecessary self-imposed suffering?,Balancing quality with health benefits: nuance in wellness trends matters,0.399490774
Is over-reliance on organic products causing unnecessary self-imposed suffering?,"Clean Wine Trend: Balance Quality, Taste, and Marketing Hype",0.212529927
Is over-reliance on organic products causing unnecessary self-imposed suffering?,Prioritizing Taste and Quality Over Health Benefits in Craft Beer,0.381457686
Is over-reliance on organic products causing unnecessary self-imposed suffering?,"Appreciating Artistry in Winemaking: Harmony, Balance, and Attention to Detail.",0.132779807
Is over-reliance on organic products causing unnecessary self-imposed suffering?,"Wine appreciation: balancing taste, quality, and cultural significance with wellness trends",0.249355331
"Health risks of excessive drinking and addiction, with focus on wine consumption","Celebrating individuality and self-expression through fashion, beauty, and sustainability trends.",0.100379258
"Health risks of excessive drinking and addiction, with focus on wine consumption",Appreciating Wine for Its Taste and Quality: A Shift in Focus,0.57665813
"Health risks of excessive drinking and addiction, with focus on wine consumption","Sustainable Wine Production: Balancing Taste, Quality, and Environmental Impact",0.580126643
"Health risks of excessive drinking and addiction, with focus on wine consumption",Balancing quality with health benefits: nuance in wellness trends matters,0.234929964
"Health risks of excessive drinking and addiction, with focus on wine consumption","Clean Wine Trend: Balance Quality, Taste, and Marketing Hype",0.526972294
"Health risks of excessive drinking and addiction, with focus on wine consumption",Prioritizing Taste and Quality Over Health Benefits in Craft Beer,0.434585363
"Health risks of excessive drinking and addiction, with focus on wine consumption","Appreciating Artistry in Winemaking: Harmony, Balance, and Attention to Detail.",0.452541709
"Health risks of excessive drinking and addiction, with focus on wine consumption","Wine appreciation: balancing taste, quality, and cultural significance with wellness trends",0.605319679
"Alcohol consumption and its effects on health, social habits, and personal choices","Appreciating Wine for Its Taste, Quality, and Cultural Significance Rather Than Health Benefits",0.548158109
"Alcohol consumption and its effects on health, social habits, and personal choices",Prioritizing Quality Over Health Benefits: A Nuanced Approach to Wellness Trends,0.339860201
"Alcohol consumption and its effects on health, social habits, and personal choices","Exploring the Clean Wine Trend: Marketing, Quality, and Wellness",0.431570143
"Alcohol consumption and its effects on health, social habits, and personal choices",Appreciating quality over quantity in wine tasting and enjoyment experiences.,0.346109271
"Alcohol consumption and its effects on health, social habits, and personal choices","Balancing taste, quality, and sustainability in the wine industry's environmental impact.",0.378355801
"Alcohol consumption and its effects on health, social habits, and personal choices","Appreciating the artistry behind wine, design, and craftsmanship.",0.237348393
"Alcohol consumption and its effects on health, social habits, and personal choices","Finding balance in life, work, and trends: nuances of storytelling.",0.196391851
"Alcohol consumption and its effects on health, social habits, and personal choices","Prioritizing taste, quality, and craftsmanship in food and drink over health benefits.",0.420623064
"Alcohol consumption and its effects on health, social habits, and personal choices","Celebrities' role in promoting clean wine: pros, cons, and nuances explored.",0.399187982
Preference for organic wine and concerns about additives in commercial wines.,"Appreciating Wine for Its Taste, Quality, and Cultural Significance Rather Than Health Benefits",0.619825482
Preference for organic wine and concerns about additives in commercial wines.,Prioritizing Quality Over Health Benefits: A Nuanced Approach to Wellness Trends,0.239008516
Preference for organic wine and concerns about additives in commercial wines.,"Exploring the Clean Wine Trend: Marketing, Quality, and Wellness",0.584645867
Preference for organic wine and concerns about additives in commercial wines.,Appreciating quality over quantity in wine tasting and enjoyment experiences.,0.52706641
Preference for organic wine and concerns about additives in commercial wines.,"Balancing taste, quality, and sustainability in the wine industry's environmental impact.",0.586365163
Preference for organic wine and concerns about additives in commercial wines.,"Appreciating the artistry behind wine, design, and craftsmanship.",0.40396744
Preference for organic wine and concerns about additives in commercial wines.,"Finding balance in life, work, and trends: nuances of storytelling.",0.004127
Preference for organic wine and concerns about additives in commercial wines.,"Prioritizing taste, quality, and craftsmanship in food and drink over health benefits.",0.396296978
Preference for organic wine and concerns about additives in commercial wines.,"Celebrities' role in promoting clean wine: pros, cons, and nuances explored.",0.480624199
The Importance of Enjoying Wine Without Judgment or Snobbery,"Appreciating Wine for Its Taste, Quality, and Cultural Significance Rather Than Health Benefits",0.73011905
The Importance of Enjoying Wine Without Judgment or Snobbery,Prioritizing Quality Over Health Benefits: A Nuanced Approach to Wellness Trends,0.267173827
The Importance of Enjoying Wine Without Judgment or Snobbery,"Exploring the Clean Wine Trend: Marketing, Quality, and Wellness",0.592946649
The Importance of Enjoying Wine Without Judgment or Snobbery,Appreciating quality over quantity in wine tasting and enjoyment experiences.,0.64552176
The Importance of Enjoying Wine Without Judgment or Snobbery,"Balancing taste, quality, and sustainability in the wine industry's environmental impact.",0.598011374
The Importance of Enjoying Wine Without Judgment or Snobbery,"Appreciating the artistry behind wine, design, and craftsmanship.",0.566313267
The Importance of Enjoying Wine Without Judgment or Snobbery,"Finding balance in life, work, and trends: nuances of storytelling.",0.225305736
The Importance of Enjoying Wine Without Judgment or Snobbery,"Prioritizing taste, quality, and craftsmanship in food and drink over health benefits.",0.429164976
The Importance of Enjoying Wine Without Judgment or Snobbery,"Celebrities' role in promoting clean wine: pros, cons, and nuances explored.",0.55965358
Is over-reliance on organic products causing unnecessary self-imposed suffering?,"Appreciating Wine for Its Taste, Quality, and Cultural Significance Rather Than Health Benefits",0.266271532
Is over-reliance on organic products causing unnecessary self-imposed suffering?,Prioritizing Quality Over Health Benefits: A Nuanced Approach to Wellness Trends,0.388438225
Is over-reliance on organic products causing unnecessary self-imposed suffering?,"Exploring the Clean Wine Trend: Marketing, Quality, and Wellness",0.272807866
Is over-reliance on organic products causing unnecessary self-imposed suffering?,Appreciating quality over quantity in wine tasting and enjoyment experiences.,0.245823637
Is over-reliance on organic products causing unnecessary self-imposed suffering?,"Balancing taste, quality, and sustainability in the wine industry's environmental impact.",0.326881617
Is over-reliance on organic products causing unnecessary self-imposed suffering?,"Appreciating the artistry behind wine, design, and craftsmanship.",0.091594763
Is over-reliance on organic products causing unnecessary self-imposed suffering?,"Finding balance in life, work, and trends: nuances of storytelling.",0.113419294
Is over-reliance on organic products causing unnecessary self-imposed suffering?,"Prioritizing taste, quality, and craftsmanship in food and drink over health benefits.",0.357032478
Is over-reliance on organic products causing unnecessary self-imposed suffering?,"Celebrities' role in promoting clean wine: pros, cons, and nuances explored.",0.223362952
"Health risks of excessive drinking and addiction, with focus on wine consumption","Appreciating Wine for Its Taste, Quality, and Cultural Significance Rather Than Health Benefits",0.627820909
"Health risks of excessive drinking and addiction, with focus on wine consumption",Prioritizing Quality Over Health Benefits: A Nuanced Approach to Wellness Trends,0.24465853
"Health risks of excessive drinking and addiction, with focus on wine consumption","Exploring the Clean Wine Trend: Marketing, Quality, and Wellness",0.590200901
"Health risks of excessive drinking and addiction, with focus on wine consumption",Appreciating quality over quantity in wine tasting and enjoyment experiences.,0.490832388
"Health risks of excessive drinking and addiction, with focus on wine consumption","Balancing taste, quality, and sustainability in the wine industry's environmental impact.",0.521528602
"Health risks of excessive drinking and addiction, with focus on wine consumption","Appreciating the artistry behind wine, design, and craftsmanship.",0.344121486
"Health risks of excessive drinking and addiction, with focus on wine consumption","Finding balance in life, work, and trends: nuances of storytelling.",0.094604135
"Health risks of excessive drinking and addiction, with focus on wine consumption","Prioritizing taste, quality, and craftsmanship in food and drink over health benefits.",0.383465528
"Health risks of excessive drinking and addiction, with focus on wine consumption","Celebrities' role in promoting clean wine: pros, cons, and nuances explored.",0.497946501
"Alcohol consumption and its effects on health, social habits, and personal choices","Appreciating life's simple pleasures: finding balance, trying new things, and savoring moments.",0.307645559
"Alcohol consumption and its effects on health, social habits, and personal choices","Appreciating wine for its taste, quality, and craftsmanship over marketing hype.",0.314444631
"Alcohol consumption and its effects on health, social habits, and personal choices","Finding Balance: Prioritizing Taste, Quality, and Health Benefits in Food and Drink Consumption",0.462032199
"Alcohol consumption and its effects on health, social habits, and personal choices","Appreciating wine for taste, quality, and cultural significance over health benefits",0.540067077
"Alcohol consumption and its effects on health, social habits, and personal choices",Finding a balance between individual wellbeing and societal priorities.,0.320321083
"Alcohol consumption and its effects on health, social habits, and personal choices",Appreciation for craftsmanship and attention to detail in winemaking processes.,0.23834382
"Alcohol consumption and its effects on health, social habits, and personal choices",Finding balance between appreciating good wine and promoting healthy habits.,0.501318812
"Alcohol consumption and its effects on health, social habits, and personal choices",Celebrities' influence on clean wine trend: promoting healthy habits or artistry?,0.489635587
"Alcohol consumption and its effects on health, social habits, and personal choices",**Emphasizing Quality Over Quantity and the Importance of Artisanal Processes**,0.062780105
"Alcohol consumption and its effects on health, social habits, and personal choices","Wine: A way to unwind, share memories with loved ones and enjoy life",0.399742067
"Alcohol consumption and its effects on health, social habits, and personal choices","Wine Appreciation: Focusing on Taste, Quality, and Sustainability Over Clean Label Trend",0.356460333
"Alcohol consumption and its effects on health, social habits, and personal choices",Sustainability in Wine Production: Balancing Quality with Environmental Impact,0.312553167
"Alcohol consumption and its effects on health, social habits, and personal choices","Wine as an Art Form: Appreciating Craftsmanship, Passion, and Creativity",0.275481701
"Alcohol consumption and its effects on health, social habits, and personal choices",Appreciating Wine Without Guilt: Embracing Passion for Good Wine in Moderation,0.465981007
"Alcohol consumption and its effects on health, social habits, and personal choices",Environmental Impact of Large-Scale Commercial Production vs. Sustainability,0.141178191
"Alcohol consumption and its effects on health, social habits, and personal choices","* Prioritizing quality over perceived health benefits in wellness trends.
* Appreciating something for its inherent qualities rather than just its health benefits.
* The importance of aesthetics and beauty in design and art.
* The need to find a balance between wellness and enjoyment in life.
* The tendency for people to get caught up in the latest wellness trend.
* The emphasis on quality over perceived health benefits in various aspects of life.",0.349179089
Preference for organic wine and concerns about additives in commercial wines.,"Appreciating life's simple pleasures: finding balance, trying new things, and savoring moments.",0.135872543
Preference for organic wine and concerns about additives in commercial wines.,"Appreciating wine for its taste, quality, and craftsmanship over marketing hype.",0.587355494
Preference for organic wine and concerns about additives in commercial wines.,"Finding Balance: Prioritizing Taste, Quality, and Health Benefits in Food and Drink Consumption",0.360575557
Preference for organic wine and concerns about additives in commercial wines.,"Appreciating wine for taste, quality, and cultural significance over health benefits",0.588546813
Preference for organic wine and concerns about additives in commercial wines.,Finding a balance between individual wellbeing and societal priorities.,0.066258363
Preference for organic wine and concerns about additives in commercial wines.,Appreciation for craftsmanship and attention to detail in winemaking processes.,0.506054521
Preference for organic wine and concerns about additives in commercial wines.,Finding balance between appreciating good wine and promoting healthy habits.,0.505307734
Preference for organic wine and concerns about additives in commercial wines.,Celebrities' influence on clean wine trend: promoting healthy habits or artistry?,0.462787718
Preference for organic wine and concerns about additives in commercial wines.,**Emphasizing Quality Over Quantity and the Importance of Artisanal Processes**,0.291255713
Preference for organic wine and concerns about additives in commercial wines.,"Wine: A way to unwind, share memories with loved ones and enjoy life",0.359370768
Preference for organic wine and concerns about additives in commercial wines.,"Wine Appreciation: Focusing on Taste, Quality, and Sustainability Over Clean Label Trend",0.599872947
Preference for organic wine and concerns about additives in commercial wines.,Sustainability in Wine Production: Balancing Quality with Environmental Impact,0.591758132
Preference for organic wine and concerns about additives in commercial wines.,"Wine as an Art Form: Appreciating Craftsmanship, Passion, and Creativity",0.421780288
Preference for organic wine and concerns about additives in commercial wines.,Appreciating Wine Without Guilt: Embracing Passion for Good Wine in Moderation,0.51496011
Preference for organic wine and concerns about additives in commercial wines.,Environmental Impact of Large-Scale Commercial Production vs. Sustainability,0.200716779
Preference for organic wine and concerns about additives in commercial wines.,"* Prioritizing quality over perceived health benefits in wellness trends.
* Appreciating something for its inherent qualities rather than just its health benefits.
* The importance of aesthetics and beauty in design and art.
* The need to find a balance between wellness and enjoyment in life.
* The tendency for people to get caught up in the latest wellness trend.
* The emphasis on quality over perceived health benefits in various aspects of life.",0.279146343
The Importance of Enjoying Wine Without Judgment or Snobbery,"Appreciating life's simple pleasures: finding balance, trying new things, and savoring moments.",0.423527867
The Importance of Enjoying Wine Without Judgment or Snobbery,"Appreciating wine for its taste, quality, and craftsmanship over marketing hype.",0.639468551
The Importance of Enjoying Wine Without Judgment or Snobbery,"Finding Balance: Prioritizing Taste, Quality, and Health Benefits in Food and Drink Consumption",0.426413178
The Importance of Enjoying Wine Without Judgment or Snobbery,"Appreciating wine for taste, quality, and cultural significance over health benefits",0.703880191
The Importance of Enjoying Wine Without Judgment or Snobbery,Finding a balance between individual wellbeing and societal priorities.,0.257594198
The Importance of Enjoying Wine Without Judgment or Snobbery,Appreciation for craftsmanship and attention to detail in winemaking processes.,0.612070441
The Importance of Enjoying Wine Without Judgment or Snobbery,Finding balance between appreciating good wine and promoting healthy habits.,0.624938965
The Importance of Enjoying Wine Without Judgment or Snobbery,Celebrities' influence on clean wine trend: promoting healthy habits or artistry?,0.548935771
The Importance of Enjoying Wine Without Judgment or Snobbery,**Emphasizing Quality Over Quantity and the Importance of Artisanal Processes**,0.291337192
The Importance of Enjoying Wine Without Judgment or Snobbery,"Wine: A way to unwind, share memories with loved ones and enjoy life",0.573708296
The Importance of Enjoying Wine Without Judgment or Snobbery,"Wine Appreciation: Focusing on Taste, Quality, and Sustainability Over Clean Label Trend",0.633107483
The Importance of Enjoying Wine Without Judgment or Snobbery,Sustainability in Wine Production: Balancing Quality with Environmental Impact,0.563468516
The Importance of Enjoying Wine Without Judgment or Snobbery,"Wine as an Art Form: Appreciating Craftsmanship, Passion, and Creativity",0.609997451
The Importance of Enjoying Wine Without Judgment or Snobbery,Appreciating Wine Without Guilt: Embracing Passion for Good Wine in Moderation,0.742816329
The Importance of Enjoying Wine Without Judgment or Snobbery,Environmental Impact of Large-Scale Commercial Production vs. Sustainability,0.102933511
The Importance of Enjoying Wine Without Judgment or Snobbery,"* Prioritizing quality over perceived health benefits in wellness trends.
* Appreciating something for its inherent qualities rather than just its health benefits.
* The importance of aesthetics and beauty in design and art.
* The need to find a balance between wellness and enjoyment in life.
* The tendency for people to get caught up in the latest wellness trend.
* The emphasis on quality over perceived health benefits in various aspects of life.",0.352611274
Is over-reliance on organic products causing unnecessary self-imposed suffering?,"Appreciating life's simple pleasures: finding balance, trying new things, and savoring moments.",0.275367856
Is over-reliance on organic products causing unnecessary self-imposed suffering?,"Appreciating wine for its taste, quality, and craftsmanship over marketing hype.",0.139687747
Is over-reliance on organic products causing unnecessary self-imposed suffering?,"Finding Balance: Prioritizing Taste, Quality, and Health Benefits in Food and Drink Consumption",0.326981783
Is over-reliance on organic products causing unnecessary self-imposed suffering?,"Appreciating wine for taste, quality, and cultural significance over health benefits",0.272420794
Is over-reliance on organic products causing unnecessary self-imposed suffering?,Finding a balance between individual wellbeing and societal priorities.,0.267139614
Is over-reliance on organic products causing unnecessary self-imposed suffering?,Appreciation for craftsmanship and attention to detail in winemaking processes.,0.119953543
Is over-reliance on organic products causing unnecessary self-imposed suffering?,Finding balance between appreciating good wine and promoting healthy habits.,0.282010436
Is over-reliance on organic products causing unnecessary self-imposed suffering?,Celebrities' influence on clean wine trend: promoting healthy habits or artistry?,0.3451792
Is over-reliance on organic products causing unnecessary self-imposed suffering?,**Emphasizing Quality Over Quantity and the Importance of Artisanal Processes**,0.278079361
Is over-reliance on organic products causing unnecessary self-imposed suffering?,"Wine: A way to unwind, share memories with loved ones and enjoy life",0.076933399
Is over-reliance on organic products causing unnecessary self-imposed suffering?,"Wine Appreciation: Focusing on Taste, Quality, and Sustainability Over Clean Label Trend",0.268069565
Is over-reliance on organic products causing unnecessary self-imposed suffering?,Sustainability in Wine Production: Balancing Quality with Environmental Impact,0.328584433
Is over-reliance on organic products causing unnecessary self-imposed suffering?,"Wine as an Art Form: Appreciating Craftsmanship, Passion, and Creativity",0.10769105
Is over-reliance on organic products causing unnecessary self-imposed suffering?,Appreciating Wine Without Guilt: Embracing Passion for Good Wine in Moderation,0.246518046
Is over-reliance on organic products causing unnecessary self-imposed suffering?,Environmental Impact of Large-Scale Commercial Production vs. Sustainability,0.416282177
Is over-reliance on organic products causing unnecessary self-imposed suffering?,"* Prioritizing quality over perceived health benefits in wellness trends.
* Appreciating something for its inherent qualities rather than just its health benefits.
* The importance of aesthetics and beauty in design and art.
* The need to find a balance between wellness and enjoyment in life.
* The tendency for people to get caught up in the latest wellness trend.
* The emphasis on quality over perceived health benefits in various aspects of life.",0.31242609
"Health risks of excessive drinking and addiction, with focus on wine consumption","Appreciating life's simple pleasures: finding balance, trying new things, and savoring moments.",0.243623435
"Health risks of excessive drinking and addiction, with focus on wine consumption","Appreciating wine for its taste, quality, and craftsmanship over marketing hype.",0.470732421
"Health risks of excessive drinking and addiction, with focus on wine consumption","Finding Balance: Prioritizing Taste, Quality, and Health Benefits in Food and Drink Consumption",0.399133861
"Health risks of excessive drinking and addiction, with focus on wine consumption","Appreciating wine for taste, quality, and cultural significance over health benefits",0.634300232
"Health risks of excessive drinking and addiction, with focus on wine consumption",Finding a balance between individual wellbeing and societal priorities.,0.184458613
"Health risks of excessive drinking and addiction, with focus on wine consumption",Appreciation for craftsmanship and attention to detail in winemaking processes.,0.440320194
"Health risks of excessive drinking and addiction, with focus on wine consumption",Finding balance between appreciating good wine and promoting healthy habits.,0.622215092
"Health risks of excessive drinking and addiction, with focus on wine consumption",Celebrities' influence on clean wine trend: promoting healthy habits or artistry?,0.552975297
"Health risks of excessive drinking and addiction, with focus on wine consumption",**Emphasizing Quality Over Quantity and the Importance of Artisanal Processes**,0.108154804
"Health risks of excessive drinking and addiction, with focus on wine consumption","Wine: A way to unwind, share memories with loved ones and enjoy life",0.531907618
"Health risks of excessive drinking and addiction, with focus on wine consumption","Wine Appreciation: Focusing on Taste, Quality, and Sustainability Over Clean Label Trend",0.549235344
"Health risks of excessive drinking and addiction, with focus on wine consumption",Sustainability in Wine Production: Balancing Quality with Environmental Impact,0.4981336
"Health risks of excessive drinking and addiction, with focus on wine consumption","Wine as an Art Form: Appreciating Craftsmanship, Passion, and Creativity",0.443060994
"Health risks of excessive drinking and addiction, with focus on wine consumption",Appreciating Wine Without Guilt: Embracing Passion for Good Wine in Moderation,0.611341
"Health risks of excessive drinking and addiction, with focus on wine consumption",Environmental Impact of Large-Scale Commercial Production vs. Sustainability,0.091931686
"Health risks of excessive drinking and addiction, with focus on wine consumption","* Prioritizing quality over perceived health benefits in wellness trends.
* Appreciating something for its inherent qualities rather than just its health benefits.
* The importance of aesthetics and beauty in design and art.
* The need to find a balance between wellness and enjoyment in life.
* The tendency for people to get caught up in the latest wellness trend.
* The emphasis on quality over perceived health benefits in various aspects of life.",0.287383735
"Alcohol consumption and its effects on health, social habits, and personal choices","Celebrating individuality and self-expression through fashion, beauty trends, and sustainability in daily life.",0.286140889
"Alcohol consumption and its effects on health, social habits, and personal choices","The Rise of Clean Wine: Quality, Taste, and Marketing Strategies",0.369116008
"Alcohol consumption and its effects on health, social habits, and personal choices","Wine appreciation: Focus on quality, taste, and cultural significance over health benefits.",0.505993605
"Alcohol consumption and its effects on health, social habits, and personal choices","Wine appreciation: embracing personal taste, memories, and sensory experiences",0.43025887
"Alcohol consumption and its effects on health, social habits, and personal choices","Wine Appreciation: Finding Balance between Taste, Quality, and Craftsmanship",0.339186877
"Alcohol consumption and its effects on health, social habits, and personal choices",**Prioritizing Taste and Quality in Food and Drink**,0.348809004
"Alcohol consumption and its effects on health, social habits, and personal choices",Appreciating quality over perceived health benefits in consumerism.,0.34342128
Preference for organic wine and concerns about additives in commercial wines.,"Celebrating individuality and self-expression through fashion, beauty trends, and sustainability in daily life.",0.119820595
Preference for organic wine and concerns about additives in commercial wines.,"The Rise of Clean Wine: Quality, Taste, and Marketing Strategies",0.586184859
Preference for organic wine and concerns about additives in commercial wines.,"Wine appreciation: Focus on quality, taste, and cultural significance over health benefits.",0.610793293
Preference for organic wine and concerns about additives in commercial wines.,"Wine appreciation: embracing personal taste, memories, and sensory experiences",0.479652315
Preference for organic wine and concerns about additives in commercial wines.,"Wine Appreciation: Finding Balance between Taste, Quality, and Craftsmanship",0.570374489
Preference for organic wine and concerns about additives in commercial wines.,**Prioritizing Taste and Quality in Food and Drink**,0.330603153
Preference for organic wine and concerns about additives in commercial wines.,Appreciating quality over perceived health benefits in consumerism.,0.236279532
The Importance of Enjoying Wine Without Judgment or Snobbery,"Celebrating individuality and self-expression through fashion, beauty trends, and sustainability in daily life.",0.203290001
The Importance of Enjoying Wine Without Judgment or Snobbery,"The Rise of Clean Wine: Quality, Taste, and Marketing Strategies",0.613305509
The Importance of Enjoying Wine Without Judgment or Snobbery,"Wine appreciation: Focus on quality, taste, and cultural significance over health benefits.",0.701314509
The Importance of Enjoying Wine Without Judgment or Snobbery,"Wine appreciation: embracing personal taste, memories, and sensory experiences",0.702343345
The Importance of Enjoying Wine Without Judgment or Snobbery,"Wine Appreciation: Finding Balance between Taste, Quality, and Craftsmanship",0.717256188
The Importance of Enjoying Wine Without Judgment or Snobbery,**Prioritizing Taste and Quality in Food and Drink**,0.383083224
The Importance of Enjoying Wine Without Judgment or Snobbery,Appreciating quality over perceived health benefits in consumerism.,0.323282212
Is over-reliance on organic products causing unnecessary self-imposed suffering?,"Celebrating individuality and self-expression through fashion, beauty trends, and sustainability in daily life.",0.221746296
Is over-reliance on organic products causing unnecessary self-imposed suffering?,"The Rise of Clean Wine: Quality, Taste, and Marketing Strategies",0.203311712
Is over-reliance on organic products causing unnecessary self-imposed suffering?,"Wine appreciation: Focus on quality, taste, and cultural significance over health benefits.",0.235080153
Is over-reliance on organic products causing unnecessary self-imposed suffering?,"Wine appreciation: embracing personal taste, memories, and sensory experiences",0.16083324
Is over-reliance on organic products causing unnecessary self-imposed suffering?,"Wine Appreciation: Finding Balance between Taste, Quality, and Craftsmanship",0.187256604
Is over-reliance on organic products causing unnecessary self-imposed suffering?,**Prioritizing Taste and Quality in Food and Drink**,0.265087545
Is over-reliance on organic products causing unnecessary self-imposed suffering?,Appreciating quality over perceived health benefits in consumerism.,0.384667337
"Health risks of excessive drinking and addiction, with focus on wine consumption","Celebrating individuality and self-expression through fashion, beauty trends, and sustainability in daily life.",0.122129045
"Health risks of excessive drinking and addiction, with focus on wine consumption","The Rise of Clean Wine: Quality, Taste, and Marketing Strategies",0.537066102
"Health risks of excessive drinking and addiction, with focus on wine consumption","Wine appreciation: Focus on quality, taste, and cultural significance over health benefits.",0.62797451
"Health risks of excessive drinking and addiction, with focus on wine consumption","Wine appreciation: embracing personal taste, memories, and sensory experiences",0.527044237
"Health risks of excessive drinking and addiction, with focus on wine consumption","Wine Appreciation: Finding Balance between Taste, Quality, and Craftsmanship",0.506403208
"Health risks of excessive drinking and addiction, with focus on wine consumption",**Prioritizing Taste and Quality in Food and Drink**,0.312236279
"Health risks of excessive drinking and addiction, with focus on wine consumption",Appreciating quality over perceived health benefits in consumerism.,0.236096218
"Alcohol consumption and its effects on health, social habits, and personal choices",Appreciating Good Wine: Embracing Sensory Experience and Human Connection,0.429103136
"Alcohol consumption and its effects on health, social habits, and personal choices","Appreciating quality over quantity in wine, balancing taste with cultural significance.",0.360747904
"Alcohol consumption and its effects on health, social habits, and personal choices","Appreciating wine beyond its health benefits: quality, taste, and cultural significance.",0.499956131
"Alcohol consumption and its effects on health, social habits, and personal choices",The Quality of Wine: Celebrating Craftsmanship Over Clean Label Trends,0.27646324
"Alcohol consumption and its effects on health, social habits, and personal choices",Appreciating quality over health benefits: finding balance in wellness trends.,0.338922262
"Alcohol consumption and its effects on health, social habits, and personal choices","Embracing uniqueness and craftsmanship in consumer choices, prioritizing quality over quantity.",0.138316214
"Alcohol consumption and its effects on health, social habits, and personal choices",Prioritizing Taste and Quality in Craft Beer: A Refreshing Approach,0.324079305
Preference for organic wine and concerns about additives in commercial wines.,Appreciating Good Wine: Embracing Sensory Experience and Human Connection,0.464945465
Preference for organic wine and concerns about additives in commercial wines.,"Appreciating quality over quantity in wine, balancing taste with cultural significance.",0.577711463
Preference for organic wine and concerns about additives in commercial wines.,"Appreciating wine beyond its health benefits: quality, taste, and cultural significance.",0.618613005
Preference for organic wine and concerns about additives in commercial wines.,The Quality of Wine: Celebrating Craftsmanship Over Clean Label Trends,0.520922065
Preference for organic wine and concerns about additives in commercial wines.,Appreciating quality over health benefits: finding balance in wellness trends.,0.218520284
Preference for organic wine and concerns about additives in commercial wines.,"Embracing uniqueness and craftsmanship in consumer choices, prioritizing quality over quantity.",0.260328114
Preference for organic wine and concerns about additives in commercial wines.,Prioritizing Taste and Quality in Craft Beer: A Refreshing Approach,0.430931151
The Importance of Enjoying Wine Without Judgment or Snobbery,Appreciating Good Wine: Embracing Sensory Experience and Human Connection,0.661194801
The Importance of Enjoying Wine Without Judgment or Snobbery,"Appreciating quality over quantity in wine, balancing taste with cultural significance.",0.692735195
The Importance of Enjoying Wine Without Judgment or Snobbery,"Appreciating wine beyond its health benefits: quality, taste, and cultural significance.",0.732264996
The Importance of Enjoying Wine Without Judgment or Snobbery,The Quality of Wine: Celebrating Craftsmanship Over Clean Label Trends,0.583544433
The Importance of Enjoying Wine Without Judgment or Snobbery,Appreciating quality over health benefits: finding balance in wellness trends.,0.294945896
The Importance of Enjoying Wine Without Judgment or Snobbery,"Embracing uniqueness and craftsmanship in consumer choices, prioritizing quality over quantity.",0.301466644
The Importance of Enjoying Wine Without Judgment or Snobbery,Prioritizing Taste and Quality in Craft Beer: A Refreshing Approach,0.465035856
Is over-reliance on organic products causing unnecessary self-imposed suffering?,Appreciating Good Wine: Embracing Sensory Experience and Human Connection,0.2020455
Is over-reliance on organic products causing unnecessary self-imposed suffering?,"Appreciating quality over quantity in wine, balancing taste with cultural significance.",0.166526258
Is over-reliance on organic products causing unnecessary self-imposed suffering?,"Appreciating wine beyond its health benefits: quality, taste, and cultural significance.",0.26835379
Is over-reliance on organic products causing unnecessary self-imposed suffering?,The Quality of Wine: Celebrating Craftsmanship Over Clean Label Trends,0.186836571
Is over-reliance on organic products causing unnecessary self-imposed suffering?,Appreciating quality over health benefits: finding balance in wellness trends.,0.373872876
Is over-reliance on organic products causing unnecessary self-imposed suffering?,"Embracing uniqueness and craftsmanship in consumer choices, prioritizing quality over quantity.",0.312045395
Is over-reliance on organic products causing unnecessary self-imposed suffering?,Prioritizing Taste and Quality in Craft Beer: A Refreshing Approach,0.261950105
"Health risks of excessive drinking and addiction, with focus on wine consumption",Appreciating Good Wine: Embracing Sensory Experience and Human Connection,0.519432068
"Health risks of excessive drinking and addiction, with focus on wine consumption","Appreciating quality over quantity in wine, balancing taste with cultural significance.",0.502756476
"Health risks of excessive drinking and addiction, with focus on wine consumption","Appreciating wine beyond its health benefits: quality, taste, and cultural significance.",0.627994776
"Health risks of excessive drinking and addiction, with focus on wine consumption",The Quality of Wine: Celebrating Craftsmanship Over Clean Label Trends,0.48032251
"Health risks of excessive drinking and addiction, with focus on wine consumption",Appreciating quality over health benefits: finding balance in wellness trends.,0.252833784
"Health risks of excessive drinking and addiction, with focus on wine consumption","Embracing uniqueness and craftsmanship in consumer choices, prioritizing quality over quantity.",0.106645532
"Health risks of excessive drinking and addiction, with focus on wine consumption",Prioritizing Taste and Quality in Craft Beer: A Refreshing Approach,0.321958482
"Alcohol consumption and its effects on health, social habits, and personal choices",Celebrities' influence on consumer purchasing decisions: a nuanced exploration of the trend,0.257222384
"Alcohol consumption and its effects on health, social habits, and personal choices","Appreciating Wine: Enjoyment, Relaxation, and Shared Moments",0.457074583
"Alcohol consumption and its effects on health, social habits, and personal choices",Appreciating Wine for Taste and Quality Over Health Benefits: A Refreshing Focus,0.498758703
"Alcohol consumption and its effects on health, social habits, and personal choices",Prioritizing Quality over Quantity: Appreciating Wine's Unique Characteristics and Craftsmanship,0.308793724
"Alcohol consumption and its effects on health, social habits, and personal choices","Celebrating Wine's Rich History, Cultural Significance, and Tradition Over Health Benefits",0.504437566
"Alcohol consumption and its effects on health, social habits, and personal choices",Balancing Wellness Trends with the Art of Winemaking: Prioritizing Taste Over Health Benefits,0.513221502
"Alcohol consumption and its effects on health, social habits, and personal choices",Sustainable winemaking practices: balancing environmental impact with quality and taste.,0.38887316
"Alcohol consumption and its effects on health, social habits, and personal choices",Appreciation for craftsmanship and attention to detail in winemaking and furniture construction,0.196544826
"Alcohol consumption and its effects on health, social habits, and personal choices","Appreciating individuality and uniqueness in craftsmanship, artistry, and self-expression.",0.121342048
"Alcohol consumption and its effects on health, social habits, and personal choices",Prioritizing taste and quality over health benefits in the pursuit of enjoyment.,0.392517209
"Alcohol consumption and its effects on health, social habits, and personal choices","Wine Appreciation: Embracing Personal Taste, Quality, and Human Connection",0.445527941
"Alcohol consumption and its effects on health, social habits, and personal choices",Appreciating the Artistry and Creativity in Wine Making and Design,0.243896335
"Alcohol consumption and its effects on health, social habits, and personal choices","**Supporting Local Wine Shops and Small Businesses**

(Note: This topic summarizes the main theme of the text, which is advocating for buying from good wine shops that align with personal values and support local winemakers and small businesses.)",0.323318362
"Alcohol consumption and its effects on health, social habits, and personal choices","Should We Prioritize Taste, Quality, or Health Benefits in Wine Appreciation?",0.433669388
"Alcohol consumption and its effects on health, social habits, and personal choices",Balancing Sustainability and Quality in Production Processes: Exploring Eco-Friendly Packaging Options,0.017962793
"Alcohol consumption and its effects on health, social habits, and personal choices","The charm of old-fashioned wine shops coexisting with innovative, 'clean' wine options.",0.280642301
"Alcohol consumption and its effects on health, social habits, and personal choices",Finding Balance: Enjoying Life's Simple Pleasures Without Compromising on Quality and Taste,0.348002434
"Alcohol consumption and its effects on health, social habits, and personal choices","1. Quality Over Health Benefits: The Importance of Appreciating Things for Their Inherent Qualities.
2. Wellness Trends: A Nuanced Approach to Prioritizing Enjoyment Over Health Benefits.
3. The Impact of Wellness Trends on Society: A Double-Edged Sword.
4. Balancing Wellness and Appreciation: Finding a Middle Ground Between Health and Enjoyment.
5. The Importance of Critical Thinking in the Wellness Trend.
6. Beyond Health Benefits: The Cultural and Social Aspects of the Wellness Trend.
7. Prioritizing Quality Over Perceived Health Benefits: A Refreshing Approach to Wellness.
8. The Wellness Trend: A Fad or a Lasting Change?
9. Embracing Nuance in the Wellness Trend: Encouraging Curiosity-Driven Exploration.
10. The Importance of Appreciation and Enjoyment in Life: Going Beyond Wellness Trends.",0.311175674
"Alcohol consumption and its effects on health, social habits, and personal choices","Prioritizing quality over quantity in products, focusing on taste and craftsmanship.",0.122978993
"Alcohol consumption and its effects on health, social habits, and personal choices",Finding Balance: Prioritizing What Truly Matters and Nuance in Decision-Making,0.137127161
Preference for organic wine and concerns about additives in commercial wines.,Celebrities' influence on consumer purchasing decisions: a nuanced exploration of the trend,0.104460463
Preference for organic wine and concerns about additives in commercial wines.,"Appreciating Wine: Enjoyment, Relaxation, and Shared Moments",0.474970669
Preference for organic wine and concerns about additives in commercial wines.,Appreciating Wine for Taste and Quality Over Health Benefits: A Refreshing Focus,0.648230076
Preference for organic wine and concerns about additives in commercial wines.,Prioritizing Quality over Quantity: Appreciating Wine's Unique Characteristics and Craftsmanship,0.566553831
Preference for organic wine and concerns about additives in commercial wines.,"Celebrating Wine's Rich History, Cultural Significance, and Tradition Over Health Benefits",0.476826429
Preference for organic wine and concerns about additives in commercial wines.,Balancing Wellness Trends with the Art of Winemaking: Prioritizing Taste Over Health Benefits,0.596539497
Preference for organic wine and concerns about additives in commercial wines.,Sustainable winemaking practices: balancing environmental impact with quality and taste.,0.647283196
Preference for organic wine and concerns about additives in commercial wines.,Appreciation for craftsmanship and attention to detail in winemaking and furniture construction,0.456934363
Preference for organic wine and concerns about additives in commercial wines.,"Appreciating individuality and uniqueness in craftsmanship, artistry, and self-expression.",0.111664325
Preference for organic wine and concerns about additives in commercial wines.,Prioritizing taste and quality over health benefits in the pursuit of enjoyment.,0.312568188
Preference for organic wine and concerns about additives in commercial wines.,"Wine Appreciation: Embracing Personal Taste, Quality, and Human Connection",0.55110383
Preference for organic wine and concerns about additives in commercial wines.,Appreciating the Artistry and Creativity in Wine Making and Design,0.438629925
Preference for organic wine and concerns about additives in commercial wines.,"**Supporting Local Wine Shops and Small Businesses**

(Note: This topic summarizes the main theme of the text, which is advocating for buying from good wine shops that align with personal values and support local winemakers and small businesses.)",0.451470941
Preference for organic wine and concerns about additives in commercial wines.,"Should We Prioritize Taste, Quality, or Health Benefits in Wine Appreciation?",0.613241196
Preference for organic wine and concerns about additives in commercial wines.,Balancing Sustainability and Quality in Production Processes: Exploring Eco-Friendly Packaging Options,0.208720714
Preference for organic wine and concerns about additives in commercial wines.,"The charm of old-fashioned wine shops coexisting with innovative, 'clean' wine options.",0.483446836
Preference for organic wine and concerns about additives in commercial wines.,Finding Balance: Enjoying Life's Simple Pleasures Without Compromising on Quality and Taste,0.238165438
Preference for organic wine and concerns about additives in commercial wines.,"1. Quality Over Health Benefits: The Importance of Appreciating Things for Their Inherent Qualities.
2. Wellness Trends: A Nuanced Approach to Prioritizing Enjoyment Over Health Benefits.
3. The Impact of Wellness Trends on Society: A Double-Edged Sword.
4. Balancing Wellness and Appreciation: Finding a Middle Ground Between Health and Enjoyment.
5. The Importance of Critical Thinking in the Wellness Trend.
6. Beyond Health Benefits: The Cultural and Social Aspects of the Wellness Trend.
7. Prioritizing Quality Over Perceived Health Benefits: A Refreshing Approach to Wellness.
8. The Wellness Trend: A Fad or a Lasting Change?
9. Embracing Nuance in the Wellness Trend: Encouraging Curiosity-Driven Exploration.
10. The Importance of Appreciation and Enjoyment in Life: Going Beyond Wellness Trends.",0.229731575
Preference for organic wine and concerns about additives in commercial wines.,"Prioritizing quality over quantity in products, focusing on taste and craftsmanship.",0.328977883
Preference for organic wine and concerns about additives in commercial wines.,Finding Balance: Prioritizing What Truly Matters and Nuance in Decision-Making,0.119742259
The Importance of Enjoying Wine Without Judgment or Snobbery,Celebrities' influence on consumer purchasing decisions: a nuanced exploration of the trend,0.226770252
The Importance of Enjoying Wine Without Judgment or Snobbery,"Appreciating Wine: Enjoyment, Relaxation, and Shared Moments",0.711281419
The Importance of Enjoying Wine Without Judgment or Snobbery,Appreciating Wine for Taste and Quality Over Health Benefits: A Refreshing Focus,0.703621268
The Importance of Enjoying Wine Without Judgment or Snobbery,Prioritizing Quality over Quantity: Appreciating Wine's Unique Characteristics and Craftsmanship,0.640881479
The Importance of Enjoying Wine Without Judgment or Snobbery,"Celebrating Wine's Rich History, Cultural Significance, and Tradition Over Health Benefits",0.668354511
The Importance of Enjoying Wine Without Judgment or Snobbery,Balancing Wellness Trends with the Art of Winemaking: Prioritizing Taste Over Health Benefits,0.678242564
The Importance of Enjoying Wine Without Judgment or Snobbery,Sustainable winemaking practices: balancing environmental impact with quality and taste.,0.650228202
The Importance of Enjoying Wine Without Judgment or Snobbery,Appreciation for craftsmanship and attention to detail in winemaking and furniture construction,0.562035263
The Importance of Enjoying Wine Without Judgment or Snobbery,"Appreciating individuality and uniqueness in craftsmanship, artistry, and self-expression.",0.275215566
The Importance of Enjoying Wine Without Judgment or Snobbery,Prioritizing taste and quality over health benefits in the pursuit of enjoyment.,0.476433098
The Importance of Enjoying Wine Without Judgment or Snobbery,"Wine Appreciation: Embracing Personal Taste, Quality, and Human Connection",0.747419596
The Importance of Enjoying Wine Without Judgment or Snobbery,Appreciating the Artistry and Creativity in Wine Making and Design,0.569992185
The Importance of Enjoying Wine Without Judgment or Snobbery,"**Supporting Local Wine Shops and Small Businesses**

(Note: This topic summarizes the main theme of the text, which is advocating for buying from good wine shops that align with personal values and support local winemakers and small businesses.)",0.516605973
The Importance of Enjoying Wine Without Judgment or Snobbery,"Should We Prioritize Taste, Quality, or Health Benefits in Wine Appreciation?",0.646473885
The Importance of Enjoying Wine Without Judgment or Snobbery,Balancing Sustainability and Quality in Production Processes: Exploring Eco-Friendly Packaging Options,0.142583549
The Importance of Enjoying Wine Without Judgment or Snobbery,"The charm of old-fashioned wine shops coexisting with innovative, 'clean' wine options.",0.568913639
The Importance of Enjoying Wine Without Judgment or Snobbery,Finding Balance: Enjoying Life's Simple Pleasures Without Compromising on Quality and Taste,0.53246665
The Importance of Enjoying Wine Without Judgment or Snobbery,"1. Quality Over Health Benefits: The Importance of Appreciating Things for Their Inherent Qualities.
2. Wellness Trends: A Nuanced Approach to Prioritizing Enjoyment Over Health Benefits.
3. The Impact of Wellness Trends on Society: A Double-Edged Sword.
4. Balancing Wellness and Appreciation: Finding a Middle Ground Between Health and Enjoyment.
5. The Importance of Critical Thinking in the Wellness Trend.
6. Beyond Health Benefits: The Cultural and Social Aspects of the Wellness Trend.
7. Prioritizing Quality Over Perceived Health Benefits: A Refreshing Approach to Wellness.
8. The Wellness Trend: A Fad or a Lasting Change?
9. Embracing Nuance in the Wellness Trend: Encouraging Curiosity-Driven Exploration.
10. The Importance of Appreciation and Enjoyment in Life: Going Beyond Wellness Trends.",0.385304332
The Importance of Enjoying Wine Without Judgment or Snobbery,"Prioritizing quality over quantity in products, focusing on taste and craftsmanship.",0.317143202
The Importance of Enjoying Wine Without Judgment or Snobbery,Finding Balance: Prioritizing What Truly Matters and Nuance in Decision-Making,0.272368073
Is over-reliance on organic products causing unnecessary self-imposed suffering?,Celebrities' influence on consumer purchasing decisions: a nuanced exploration of the trend,0.250502527
Is over-reliance on organic products causing unnecessary self-imposed suffering?,"Appreciating Wine: Enjoyment, Relaxation, and Shared Moments",0.177567214
Is over-reliance on organic products causing unnecessary self-imposed suffering?,Appreciating Wine for Taste and Quality Over Health Benefits: A Refreshing Focus,0.284280896
Is over-reliance on organic products causing unnecessary self-imposed suffering?,Prioritizing Quality over Quantity: Appreciating Wine's Unique Characteristics and Craftsmanship,0.203844592
Is over-reliance on organic products causing unnecessary self-imposed suffering?,"Celebrating Wine's Rich History, Cultural Significance, and Tradition Over Health Benefits",0.206466317
Is over-reliance on organic products causing unnecessary self-imposed suffering?,Balancing Wellness Trends with the Art of Winemaking: Prioritizing Taste Over Health Benefits,0.358381301
Is over-reliance on organic products causing unnecessary self-imposed suffering?,Sustainable winemaking practices: balancing environmental impact with quality and taste.,0.319016695
Is over-reliance on organic products causing unnecessary self-imposed suffering?,Appreciation for craftsmanship and attention to detail in winemaking and furniture construction,0.100268617
Is over-reliance on organic products causing unnecessary self-imposed suffering?,"Appreciating individuality and uniqueness in craftsmanship, artistry, and self-expression.",0.171204522
Is over-reliance on organic products causing unnecessary self-imposed suffering?,Prioritizing taste and quality over health benefits in the pursuit of enjoyment.,0.386860698
Is over-reliance on organic products causing unnecessary self-imposed suffering?,"Wine Appreciation: Embracing Personal Taste, Quality, and Human Connection",0.190358236
Is over-reliance on organic products causing unnecessary self-imposed suffering?,Appreciating the Artistry and Creativity in Wine Making and Design,0.132929727
Is over-reliance on organic products causing unnecessary self-imposed suffering?,"**Supporting Local Wine Shops and Small Businesses**

(Note: This topic summarizes the main theme of the text, which is advocating for buying from good wine shops that align with personal values and support local winemakers and small businesses.)",0.160183609
Is over-reliance on organic products causing unnecessary self-imposed suffering?,"Should We Prioritize Taste, Quality, or Health Benefits in Wine Appreciation?",0.270492733
Is over-reliance on organic products causing unnecessary self-imposed suffering?,Balancing Sustainability and Quality in Production Processes: Exploring Eco-Friendly Packaging Options,0.402722836
Is over-reliance on organic products causing unnecessary self-imposed suffering?,"The charm of old-fashioned wine shops coexisting with innovative, 'clean' wine options.",0.146518543
Is over-reliance on organic products causing unnecessary self-imposed suffering?,Finding Balance: Enjoying Life's Simple Pleasures Without Compromising on Quality and Taste,0.340305656
Is over-reliance on organic products causing unnecessary self-imposed suffering?,"1. Quality Over Health Benefits: The Importance of Appreciating Things for Their Inherent Qualities.
2. Wellness Trends: A Nuanced Approach to Prioritizing Enjoyment Over Health Benefits.
3. The Impact of Wellness Trends on Society: A Double-Edged Sword.
4. Balancing Wellness and Appreciation: Finding a Middle Ground Between Health and Enjoyment.
5. The Importance of Critical Thinking in the Wellness Trend.
6. Beyond Health Benefits: The Cultural and Social Aspects of the Wellness Trend.
7. Prioritizing Quality Over Perceived Health Benefits: A Refreshing Approach to Wellness.
8. The Wellness Trend: A Fad or a Lasting Change?
9. Embracing Nuance in the Wellness Trend: Encouraging Curiosity-Driven Exploration.
10. The Importance of Appreciation and Enjoyment in Life: Going Beyond Wellness Trends.",0.345996559
Is over-reliance on organic products causing unnecessary self-imposed suffering?,"Prioritizing quality over quantity in products, focusing on taste and craftsmanship.",0.339118838
Is over-reliance on organic products causing unnecessary self-imposed suffering?,Finding Balance: Prioritizing What Truly Matters and Nuance in Decision-Making,0.259918928
"Health risks of excessive drinking and addiction, with focus on wine consumption",Celebrities' influence on consumer purchasing decisions: a nuanced exploration of the trend,0.116184503
"Health risks of excessive drinking and addiction, with focus on wine consumption","Appreciating Wine: Enjoyment, Relaxation, and Shared Moments",0.556231618
"Health risks of excessive drinking and addiction, with focus on wine consumption",Appreciating Wine for Taste and Quality Over Health Benefits: A Refreshing Focus,0.651031673
"Health risks of excessive drinking and addiction, with focus on wine consumption",Prioritizing Quality over Quantity: Appreciating Wine's Unique Characteristics and Craftsmanship,0.468145818
"Health risks of excessive drinking and addiction, with focus on wine consumption","Celebrating Wine's Rich History, Cultural Significance, and Tradition Over Health Benefits",0.585591137
"Health risks of excessive drinking and addiction, with focus on wine consumption",Balancing Wellness Trends with the Art of Winemaking: Prioritizing Taste Over Health Benefits,0.629361153
"Health risks of excessive drinking and addiction, with focus on wine consumption",Sustainable winemaking practices: balancing environmental impact with quality and taste.,0.567105711
"Health risks of excessive drinking and addiction, with focus on wine consumption",Appreciation for craftsmanship and attention to detail in winemaking and furniture construction,0.389896452
"Health risks of excessive drinking and addiction, with focus on wine consumption","Appreciating individuality and uniqueness in craftsmanship, artistry, and self-expression.",0.074558511
"Health risks of excessive drinking and addiction, with focus on wine consumption",Prioritizing taste and quality over health benefits in the pursuit of enjoyment.,0.332037807
"Health risks of excessive drinking and addiction, with focus on wine consumption","Wine Appreciation: Embracing Personal Taste, Quality, and Human Connection",0.535783052
"Health risks of excessive drinking and addiction, with focus on wine consumption",Appreciating the Artistry and Creativity in Wine Making and Design,0.413689792
"Health risks of excessive drinking and addiction, with focus on wine consumption","**Supporting Local Wine Shops and Small Businesses**

(Note: This topic summarizes the main theme of the text, which is advocating for buying from good wine shops that align with personal values and support local winemakers and small businesses.)",0.401264429
"Health risks of excessive drinking and addiction, with focus on wine consumption","Should We Prioritize Taste, Quality, or Health Benefits in Wine Appreciation?",0.568379641
"Health risks of excessive drinking and addiction, with focus on wine consumption",Balancing Sustainability and Quality in Production Processes: Exploring Eco-Friendly Packaging Options,-0.004024101
"Health risks of excessive drinking and addiction, with focus on wine consumption","The charm of old-fashioned wine shops coexisting with innovative, 'clean' wine options.",0.437526584
"Health risks of excessive drinking and addiction, with focus on wine consumption",Finding Balance: Enjoying Life's Simple Pleasures Without Compromising on Quality and Taste,0.319588751
"Health risks of excessive drinking and addiction, with focus on wine consumption","1. Quality Over Health Benefits: The Importance of Appreciating Things for Their Inherent Qualities.
2. Wellness Trends: A Nuanced Approach to Prioritizing Enjoyment Over Health Benefits.
3. The Impact of Wellness Trends on Society: A Double-Edged Sword.
4. Balancing Wellness and Appreciation: Finding a Middle Ground Between Health and Enjoyment.
5. The Importance of Critical Thinking in the Wellness Trend.
6. Beyond Health Benefits: The Cultural and Social Aspects of the Wellness Trend.
7. Prioritizing Quality Over Perceived Health Benefits: A Refreshing Approach to Wellness.
8. The Wellness Trend: A Fad or a Lasting Change?
9. Embracing Nuance in the Wellness Trend: Encouraging Curiosity-Driven Exploration.
10. The Importance of Appreciation and Enjoyment in Life: Going Beyond Wellness Trends.",0.246709421
"Health risks of excessive drinking and addiction, with focus on wine consumption","Prioritizing quality over quantity in products, focusing on taste and craftsmanship.",0.153474271
"Health risks of excessive drinking and addiction, with focus on wine consumption",Finding Balance: Prioritizing What Truly Matters and Nuance in Decision-Making,0.060002241