real_word_topics,simulated_topics,Similarity
"Alcohol consumption and its effects on health, social habits, and personal choices","""Is the rise of 'clean wine' a wellness trend or just a marketing fad?""",0.4166181683540344
"Alcohol consumption and its effects on health, social habits, and personal choices","""Finding balance between enjoying good wine and prioritizing overall wellbeing.""",0.451721042394638
"Alcohol consumption and its effects on health, social habits, and personal choices","""Considering Environmental Impact of Wine Production When Advocating for Good Wine Shops""",0.3996500372886657
"Alcohol consumption and its effects on health, social habits, and personal choices",Trying new wines and exploring local winemakers' stories and craftsmanship.,0.2614949643611908
"Alcohol consumption and its effects on health, social habits, and personal choices","""Celebrity influence on drinking habits: Cameron Diaz's clean wine promotion""",0.4768794775009155
"Alcohol consumption and its effects on health, social habits, and personal choices","""Author's Stance and Sentiment: Agreement or Partial Disagreement""",0.0292212720960378
"Alcohol consumption and its effects on health, social habits, and personal choices","""Appreciating Wine: Taste, Quality, or Health Benefits?""",0.4877249598503113
"Alcohol consumption and its effects on health, social habits, and personal choices","""Appreciating good wine: Prioritizing taste and quality over health benefits and marketing gimmicks.""",0.4602134525775909
"Alcohol consumption and its effects on health, social habits, and personal choices","""Finding balance in life and decision-making to achieve harmony"".",0.2085185497999191
"Alcohol consumption and its effects on health, social habits, and personal choices",Prioritizing Taste and Quality Over Health Benefits in Food Consumption,0.3768492937088012
"Alcohol consumption and its effects on health, social habits, and personal choices","""Importance of Supporting Local Wine Shops and Small Businesses""",0.2921924591064453
"Alcohol consumption and its effects on health, social habits, and personal choices","""Appreciation for fine wine and social bonding over a shared glass.""",0.3781047761440277
"Alcohol consumption and its effects on health, social habits, and personal choices","""Appreciating Wine for Its Taste and Quality Over Marketing Hype""",0.3216215670108795
"Alcohol consumption and its effects on health, social habits, and personal choices","""Prioritizing Quality Over Health Benefits: A Middle Ground Solution for Sustainable Practices""",0.2782655656337738
"Alcohol consumption and its effects on health, social habits, and personal choices","""Celebrities' influence on consumer behavior: prioritizing expertise over fads""",0.2754665315151214
"Alcohol consumption and its effects on health, social habits, and personal choices","Appreciating the Artistry Behind Good Wine, Beyond Health Benefits.",0.4673616290092468
"Alcohol consumption and its effects on health, social habits, and personal choices","""Finding Balance Between Wellness and Pleasure in a World of Trends""",0.3432884812355041
"Alcohol consumption and its effects on health, social habits, and personal choices","""Wine appreciation: Balancing taste, quality, and cultural heritage in a nuanced understanding.""",0.3388582170009613
Preference for organic wine and concerns about additives in commercial wines.,"""Is the rise of 'clean wine' a wellness trend or just a marketing fad?""",0.5121245980262756
Preference for organic wine and concerns about additives in commercial wines.,"""Finding balance between enjoying good wine and prioritizing overall wellbeing.""",0.4253839552402496
Preference for organic wine and concerns about additives in commercial wines.,"""Considering Environmental Impact of Wine Production When Advocating for Good Wine Shops""",0.5905877947807312
Preference for organic wine and concerns about additives in commercial wines.,Trying new wines and exploring local winemakers' stories and craftsmanship.,0.4840896427631378
Preference for organic wine and concerns about additives in commercial wines.,"""Celebrity influence on drinking habits: Cameron Diaz's clean wine promotion""",0.3264263570308685
Preference for organic wine and concerns about additives in commercial wines.,"""Author's Stance and Sentiment: Agreement or Partial Disagreement""",0.0572629049420356
Preference for organic wine and concerns about additives in commercial wines.,"""Appreciating Wine: Taste, Quality, or Health Benefits?""",0.6088642477989197
Preference for organic wine and concerns about additives in commercial wines.,"""Appreciating good wine: Prioritizing taste and quality over health benefits and marketing gimmicks.""",0.5952553153038025
Preference for organic wine and concerns about additives in commercial wines.,"""Finding balance in life and decision-making to achieve harmony"".",0.0736422762274742
Preference for organic wine and concerns about additives in commercial wines.,Prioritizing Taste and Quality Over Health Benefits in Food Consumption,0.328862577676773
Preference for organic wine and concerns about additives in commercial wines.,"""Importance of Supporting Local Wine Shops and Small Businesses""",0.4247460067272186
Preference for organic wine and concerns about additives in commercial wines.,"""Appreciation for fine wine and social bonding over a shared glass.""",0.3864610195159912
Preference for organic wine and concerns about additives in commercial wines.,"""Appreciating Wine for Its Taste and Quality Over Marketing Hype""",0.5689961910247803
Preference for organic wine and concerns about additives in commercial wines.,"""Prioritizing Quality Over Health Benefits: A Middle Ground Solution for Sustainable Practices""",0.2319792211055755
Preference for organic wine and concerns about additives in commercial wines.,"""Celebrities' influence on consumer behavior: prioritizing expertise over fads""",0.1424221694469452
Preference for organic wine and concerns about additives in commercial wines.,"Appreciating the Artistry Behind Good Wine, Beyond Health Benefits.",0.5784431099891663
Preference for organic wine and concerns about additives in commercial wines.,"""Finding Balance Between Wellness and Pleasure in a World of Trends""",0.1787863373756408
Preference for organic wine and concerns about additives in commercial wines.,"""Wine appreciation: Balancing taste, quality, and cultural heritage in a nuanced understanding.""",0.5034565925598145
The Importance of Enjoying Wine Without Judgment or Snobbery,"""Is the rise of 'clean wine' a wellness trend or just a marketing fad?""",0.5277417898178101
The Importance of Enjoying Wine Without Judgment or Snobbery,"""Finding balance between enjoying good wine and prioritizing overall wellbeing.""",0.6085014343261719
The Importance of Enjoying Wine Without Judgment or Snobbery,"""Considering Environmental Impact of Wine Production When Advocating for Good Wine Shops""",0.5955615043640137
The Importance of Enjoying Wine Without Judgment or Snobbery,Trying new wines and exploring local winemakers' stories and craftsmanship.,0.5517632365226746
The Importance of Enjoying Wine Without Judgment or Snobbery,"""Celebrity influence on drinking habits: Cameron Diaz's clean wine promotion""",0.4577009677886963
The Importance of Enjoying Wine Without Judgment or Snobbery,"""Author's Stance and Sentiment: Agreement or Partial Disagreement""",0.1276609152555465
The Importance of Enjoying Wine Without Judgment or Snobbery,"""Appreciating Wine: Taste, Quality, or Health Benefits?""",0.6910024285316467
The Importance of Enjoying Wine Without Judgment or Snobbery,"""Appreciating good wine: Prioritizing taste and quality over health benefits and marketing gimmicks.""",0.6587686538696289
The Importance of Enjoying Wine Without Judgment or Snobbery,"""Finding balance in life and decision-making to achieve harmony"".",0.2933095097541809
The Importance of Enjoying Wine Without Judgment or Snobbery,Prioritizing Taste and Quality Over Health Benefits in Food Consumption,0.3529775440692901
The Importance of Enjoying Wine Without Judgment or Snobbery,"""Importance of Supporting Local Wine Shops and Small Businesses""",0.5315318703651428
The Importance of Enjoying Wine Without Judgment or Snobbery,"""Appreciation for fine wine and social bonding over a shared glass.""",0.5901041030883789
The Importance of Enjoying Wine Without Judgment or Snobbery,"""Appreciating Wine for Its Taste and Quality Over Marketing Hype""",0.6625093817710876
The Importance of Enjoying Wine Without Judgment or Snobbery,"""Prioritizing Quality Over Health Benefits: A Middle Ground Solution for Sustainable Practices""",0.259774386882782
The Importance of Enjoying Wine Without Judgment or Snobbery,"""Celebrities' influence on consumer behavior: prioritizing expertise over fads""",0.2591226398944855
The Importance of Enjoying Wine Without Judgment or Snobbery,"Appreciating the Artistry Behind Good Wine, Beyond Health Benefits.",0.6955866813659668
The Importance of Enjoying Wine Without Judgment or Snobbery,"""Finding Balance Between Wellness and Pleasure in a World of Trends""",0.3535500168800354
The Importance of Enjoying Wine Without Judgment or Snobbery,"""Wine appreciation: Balancing taste, quality, and cultural heritage in a nuanced understanding.""",0.7155810594558716
Is over-reliance on organic products causing unnecessary self-imposed suffering?,"""Is the rise of 'clean wine' a wellness trend or just a marketing fad?""",0.3343498706817627
Is over-reliance on organic products causing unnecessary self-imposed suffering?,"""Finding balance between enjoying good wine and prioritizing overall wellbeing.""",0.2452221363782882
Is over-reliance on organic products causing unnecessary self-imposed suffering?,"""Considering Environmental Impact of Wine Production When Advocating for Good Wine Shops""",0.3495147824287414
Is over-reliance on organic products causing unnecessary self-imposed suffering?,Trying new wines and exploring local winemakers' stories and craftsmanship.,0.0545961894094944
Is over-reliance on organic products causing unnecessary self-imposed suffering?,"""Celebrity influence on drinking habits: Cameron Diaz's clean wine promotion""",0.1650792062282562
Is over-reliance on organic products causing unnecessary self-imposed suffering?,"""Author's Stance and Sentiment: Agreement or Partial Disagreement""",0.0606725849211216
Is over-reliance on organic products causing unnecessary self-imposed suffering?,"""Appreciating Wine: Taste, Quality, or Health Benefits?""",0.2805827856063843
Is over-reliance on organic products causing unnecessary self-imposed suffering?,"""Appreciating good wine: Prioritizing taste and quality over health benefits and marketing gimmicks.""",0.3225413262844085
Is over-reliance on organic products causing unnecessary self-imposed suffering?,"""Finding balance in life and decision-making to achieve harmony"".",0.1981382668018341
Is over-reliance on organic products causing unnecessary self-imposed suffering?,Prioritizing Taste and Quality Over Health Benefits in Food Consumption,0.3534262478351593
Is over-reliance on organic products causing unnecessary self-imposed suffering?,"""Importance of Supporting Local Wine Shops and Small Businesses""",0.176899641752243
Is over-reliance on organic products causing unnecessary self-imposed suffering?,"""Appreciation for fine wine and social bonding over a shared glass.""",0.1021349728107452
Is over-reliance on organic products causing unnecessary self-imposed suffering?,"""Appreciating Wine for Its Taste and Quality Over Marketing Hype""",0.2268401384353637
Is over-reliance on organic products causing unnecessary self-imposed suffering?,"""Prioritizing Quality Over Health Benefits: A Middle Ground Solution for Sustainable Practices""",0.4022641479969024
Is over-reliance on organic products causing unnecessary self-imposed suffering?,"""Celebrities' influence on consumer behavior: prioritizing expertise over fads""",0.2748388946056366
Is over-reliance on organic products causing unnecessary self-imposed suffering?,"Appreciating the Artistry Behind Good Wine, Beyond Health Benefits.",0.2405199557542801
Is over-reliance on organic products causing unnecessary self-imposed suffering?,"""Finding Balance Between Wellness and Pleasure in a World of Trends""",0.3599113225936889
Is over-reliance on organic products causing unnecessary self-imposed suffering?,"""Wine appreciation: Balancing taste, quality, and cultural heritage in a nuanced understanding.""",0.1317190676927566
"Health risks of excessive drinking and addiction, with focus on wine consumption","""Is the rise of 'clean wine' a wellness trend or just a marketing fad?""",0.548191249370575
"Health risks of excessive drinking and addiction, with focus on wine consumption","""Finding balance between enjoying good wine and prioritizing overall wellbeing.""",0.5257131457328796
"Health risks of excessive drinking and addiction, with focus on wine consumption","""Considering Environmental Impact of Wine Production When Advocating for Good Wine Shops""",0.55687016248703
"Health risks of excessive drinking and addiction, with focus on wine consumption",Trying new wines and exploring local winemakers' stories and craftsmanship.,0.4405116140842438
"Health risks of excessive drinking and addiction, with focus on wine consumption","""Celebrity influence on drinking habits: Cameron Diaz's clean wine promotion""",0.5007623434066772
"Health risks of excessive drinking and addiction, with focus on wine consumption","""Author's Stance and Sentiment: Agreement or Partial Disagreement""",-0.0177749637514352
"Health risks of excessive drinking and addiction, with focus on wine consumption","""Appreciating Wine: Taste, Quality, or Health Benefits?""",0.6119803786277771
"Health risks of excessive drinking and addiction, with focus on wine consumption","""Appreciating good wine: Prioritizing taste and quality over health benefits and marketing gimmicks.""",0.5592271685600281
"Health risks of excessive drinking and addiction, with focus on wine consumption","""Finding balance in life and decision-making to achieve harmony"".",0.1303535401821136
"Health risks of excessive drinking and addiction, with focus on wine consumption",Prioritizing Taste and Quality Over Health Benefits in Food Consumption,0.3034341335296631
"Health risks of excessive drinking and addiction, with focus on wine consumption","""Importance of Supporting Local Wine Shops and Small Businesses""",0.3816261291503906
"Health risks of excessive drinking and addiction, with focus on wine consumption","""Appreciation for fine wine and social bonding over a shared glass.""",0.4373027384281158
"Health risks of excessive drinking and addiction, with focus on wine consumption","""Appreciating Wine for Its Taste and Quality Over Marketing Hype""",0.5083811283111572
"Health risks of excessive drinking and addiction, with focus on wine consumption","""Prioritizing Quality Over Health Benefits: A Middle Ground Solution for Sustainable Practices""",0.2053227573633194
"Health risks of excessive drinking and addiction, with focus on wine consumption","""Celebrities' influence on consumer behavior: prioritizing expertise over fads""",0.1554039418697357
"Health risks of excessive drinking and addiction, with focus on wine consumption","Appreciating the Artistry Behind Good Wine, Beyond Health Benefits.",0.5749746561050415
"Health risks of excessive drinking and addiction, with focus on wine consumption","""Finding Balance Between Wellness and Pleasure in a World of Trends""",0.2811940014362335
"Health risks of excessive drinking and addiction, with focus on wine consumption","""Wine appreciation: Balancing taste, quality, and cultural heritage in a nuanced understanding.""",0.4894630312919616
"Alcohol consumption and its effects on health, social habits, and personal choices","""Prioritizing quality over health benefits: finding a balance between taste, craftsmanship, and well-being.""",0.3603711128234863
"Alcohol consumption and its effects on health, social habits, and personal choices",Appreciating wine's taste and quality over emphasizing its perceived health benefits.,0.5021079778671265
"Alcohol consumption and its effects on health, social habits, and personal choices","The rise of ""clean wine"" as a marketing trend and its impact on wine culture.",0.4001250267028808
"Alcohol consumption and its effects on health, social habits, and personal choices","""Sustainability and Environmental Impact: Balancing Wine Quality with Eco-Friendly Production Methods""",0.3494338393211365
"Alcohol consumption and its effects on health, social habits, and personal choices","""Prioritizing quality over quantity: finding balance in taste, enjoyment, and craftsmanship.""",0.1816923767328262
"Alcohol consumption and its effects on health, social habits, and personal choices","""Appreciating Wine for Its Taste and Quality Rather Than Marketing Hype""",0.3313895761966705
"Alcohol consumption and its effects on health, social habits, and personal choices","""Appreciating Wine Culture: Finding Balance Between Enjoyment and Moderation""",0.4637292325496673
"Alcohol consumption and its effects on health, social habits, and personal choices","""Celebrities' Influence on Wine Trends: Promoting Clean Wine or Quality?""",0.4068233668804168
Preference for organic wine and concerns about additives in commercial wines.,"""Prioritizing quality over health benefits: finding a balance between taste, craftsmanship, and well-being.""",0.3096169233322143
Preference for organic wine and concerns about additives in commercial wines.,Appreciating wine's taste and quality over emphasizing its perceived health benefits.,0.6417017579078674
Preference for organic wine and concerns about additives in commercial wines.,"The rise of ""clean wine"" as a marketing trend and its impact on wine culture.",0.560253918170929
Preference for organic wine and concerns about additives in commercial wines.,"""Sustainability and Environmental Impact: Balancing Wine Quality with Eco-Friendly Production Methods""",0.6370559930801392
Preference for organic wine and concerns about additives in commercial wines.,"""Prioritizing quality over quantity: finding balance in taste, enjoyment, and craftsmanship.""",0.2954655587673187
Preference for organic wine and concerns about additives in commercial wines.,"""Appreciating Wine for Its Taste and Quality Rather Than Marketing Hype""",0.570445716381073
Preference for organic wine and concerns about additives in commercial wines.,"""Appreciating Wine Culture: Finding Balance Between Enjoyment and Moderation""",0.4973207414150238
Preference for organic wine and concerns about additives in commercial wines.,"""Celebrities' Influence on Wine Trends: Promoting Clean Wine or Quality?""",0.5032528638839722
The Importance of Enjoying Wine Without Judgment or Snobbery,"""Prioritizing quality over health benefits: finding a balance between taste, craftsmanship, and well-being.""",0.4264849722385406
The Importance of Enjoying Wine Without Judgment or Snobbery,Appreciating wine's taste and quality over emphasizing its perceived health benefits.,0.689124345779419
The Importance of Enjoying Wine Without Judgment or Snobbery,"The rise of ""clean wine"" as a marketing trend and its impact on wine culture.",0.5891717672348022
The Importance of Enjoying Wine Without Judgment or Snobbery,"""Sustainability and Environmental Impact: Balancing Wine Quality with Eco-Friendly Production Methods""",0.5782413482666016
The Importance of Enjoying Wine Without Judgment or Snobbery,"""Prioritizing quality over quantity: finding balance in taste, enjoyment, and craftsmanship.""",0.415667325258255
The Importance of Enjoying Wine Without Judgment or Snobbery,"""Appreciating Wine for Its Taste and Quality Rather Than Marketing Hype""",0.6761646270751953
The Importance of Enjoying Wine Without Judgment or Snobbery,"""Appreciating Wine Culture: Finding Balance Between Enjoyment and Moderation""",0.7430050373077393
The Importance of Enjoying Wine Without Judgment or Snobbery,"""Celebrities' Influence on Wine Trends: Promoting Clean Wine or Quality?""",0.5859030485153198
Is over-reliance on organic products causing unnecessary self-imposed suffering?,"""Prioritizing quality over health benefits: finding a balance between taste, craftsmanship, and well-being.""",0.4140309989452362
Is over-reliance on organic products causing unnecessary self-imposed suffering?,Appreciating wine's taste and quality over emphasizing its perceived health benefits.,0.2245325893163681
Is over-reliance on organic products causing unnecessary self-imposed suffering?,"The rise of ""clean wine"" as a marketing trend and its impact on wine culture.",0.1964254826307296
Is over-reliance on organic products causing unnecessary self-imposed suffering?,"""Sustainability and Environmental Impact: Balancing Wine Quality with Eco-Friendly Production Methods""",0.319624662399292
Is over-reliance on organic products causing unnecessary self-imposed suffering?,"""Prioritizing quality over quantity: finding balance in taste, enjoyment, and craftsmanship.""",0.3108131289482116
Is over-reliance on organic products causing unnecessary self-imposed suffering?,"""Appreciating Wine for Its Taste and Quality Rather Than Marketing Hype""",0.2467230707406997
Is over-reliance on organic products causing unnecessary self-imposed suffering?,"""Appreciating Wine Culture: Finding Balance Between Enjoyment and Moderation""",0.260192722082138
Is over-reliance on organic products causing unnecessary self-imposed suffering?,"""Celebrities' Influence on Wine Trends: Promoting Clean Wine or Quality?""",0.2386031001806259
"Health risks of excessive drinking and addiction, with focus on wine consumption","""Prioritizing quality over health benefits: finding a balance between taste, craftsmanship, and well-being.""",0.2740239799022674
"Health risks of excessive drinking and addiction, with focus on wine consumption",Appreciating wine's taste and quality over emphasizing its perceived health benefits.,0.6093864440917969
"Health risks of excessive drinking and addiction, with focus on wine consumption","The rise of ""clean wine"" as a marketing trend and its impact on wine culture.",0.5404400825500488
"Health risks of excessive drinking and addiction, with focus on wine consumption","""Sustainability and Environmental Impact: Balancing Wine Quality with Eco-Friendly Production Methods""",0.5286135077476501
"Health risks of excessive drinking and addiction, with focus on wine consumption","""Prioritizing quality over quantity: finding balance in taste, enjoyment, and craftsmanship.""",0.176222413778305
"Health risks of excessive drinking and addiction, with focus on wine consumption","""Appreciating Wine for Its Taste and Quality Rather Than Marketing Hype""",0.5070685148239136
"Health risks of excessive drinking and addiction, with focus on wine consumption","""Appreciating Wine Culture: Finding Balance Between Enjoyment and Moderation""",0.5773141384124756
"Health risks of excessive drinking and addiction, with focus on wine consumption","""Celebrities' Influence on Wine Trends: Promoting Clean Wine or Quality?""",0.5056738257408142
"Alcohol consumption and its effects on health, social habits, and personal choices","""Supporting Local Wine Shops: A Key to Unlocking Quality and Community Engagement""",0.3180226385593414
"Alcohol consumption and its effects on health, social habits, and personal choices","Appreciating wine for its taste, quality, and craftsmanship rather than health benefits.",0.4772436618804931
"Alcohol consumption and its effects on health, social habits, and personal choices","""Societal trends influencing consumer behavior and values in product appreciation and purchasing decisions.""",0.3105911910533905
"Alcohol consumption and its effects on health, social habits, and personal choices","""Sustainability and Environmental Impact of Wine Industry: Balancing Quality and Responsibility""",0.3505484759807586
"Alcohol consumption and its effects on health, social habits, and personal choices","""Cultural Significance of Wine Appreciation: Balancing Tradition and Modern Trends""",0.3908050656318664
"Alcohol consumption and its effects on health, social habits, and personal choices","""Prioritizing taste and quality over health benefits in making choices""",0.420293241739273
"Alcohol consumption and its effects on health, social habits, and personal choices","""Wine appreciation: exploring quality, craftsmanship, and passion beyond just getting drunk.""",0.4353733956813812
"Alcohol consumption and its effects on health, social habits, and personal choices","""Finding balance between enjoying wine and prioritizing overall wellbeing.""",0.4740928411483764
"Alcohol consumption and its effects on health, social habits, and personal choices","""Complete Agreement: Author's Stance and Sentiment on [Topic]""",0.0659020841121673
"Alcohol consumption and its effects on health, social habits, and personal choices","**Appreciating Wine: Focus on Taste, Quality, and Authenticity Over Marketing Hype**",0.3354265689849853
"Alcohol consumption and its effects on health, social habits, and personal choices","""Appreciating quality and craftsmanship in life, not just focusing on health.""",0.2727692127227783
"Alcohol consumption and its effects on health, social habits, and personal choices","""Clean Wine Trend: Marketing Gimmick or Healthy Choice?""",0.3864906132221222
"Alcohol consumption and its effects on health, social habits, and personal choices","Here is one topic that can be generated within 15 words based on the text:

""Balancing Quality with Health Benefits in Wellness Trends""",0.2882489860057831
"Alcohol consumption and its effects on health, social habits, and personal choices","""Wine appreciation: celebrating craftsmanship, artistry, and passion behind winemaking.""",0.3211773335933685
"Alcohol consumption and its effects on health, social habits, and personal choices","""Celebrity endorsements influencing consumer behavior and promoting healthy habits through wine consumption""",0.5336734056472778
"Alcohol consumption and its effects on health, social habits, and personal choices",The importance of balance in life and its application to various aspects.,0.2600675225257873
"Alcohol consumption and its effects on health, social habits, and personal choices","""The Joy of Savoring a Good Glass: Finding Balance Between Enjoyment and Wellness""",0.3880530297756195
"Alcohol consumption and its effects on health, social habits, and personal choices","""The intersection of wellness trends and cultural practices like wine appreciation.""",0.4635436534881592
Preference for organic wine and concerns about additives in commercial wines.,"""Supporting Local Wine Shops: A Key to Unlocking Quality and Community Engagement""",0.4416277706623077
Preference for organic wine and concerns about additives in commercial wines.,"Appreciating wine for its taste, quality, and craftsmanship rather than health benefits.",0.6448514461517334
Preference for organic wine and concerns about additives in commercial wines.,"""Societal trends influencing consumer behavior and values in product appreciation and purchasing decisions.""",0.210576444864273
Preference for organic wine and concerns about additives in commercial wines.,"""Sustainability and Environmental Impact of Wine Industry: Balancing Quality and Responsibility""",0.5596268177032471
Preference for organic wine and concerns about additives in commercial wines.,"""Cultural Significance of Wine Appreciation: Balancing Tradition and Modern Trends""",0.5247988104820251
Preference for organic wine and concerns about additives in commercial wines.,"""Prioritizing taste and quality over health benefits in making choices""",0.3318727612495422
Preference for organic wine and concerns about additives in commercial wines.,"""Wine appreciation: exploring quality, craftsmanship, and passion beyond just getting drunk.""",0.50472092628479
Preference for organic wine and concerns about additives in commercial wines.,"""Finding balance between enjoying wine and prioritizing overall wellbeing.""",0.4414450824260711
Preference for organic wine and concerns about additives in commercial wines.,"""Complete Agreement: Author's Stance and Sentiment on [Topic]""",0.0373532995581626
Preference for organic wine and concerns about additives in commercial wines.,"**Appreciating Wine: Focus on Taste, Quality, and Authenticity Over Marketing Hype**",0.5582633018493652
Preference for organic wine and concerns about additives in commercial wines.,"""Appreciating quality and craftsmanship in life, not just focusing on health.""",0.1728070825338363
Preference for organic wine and concerns about additives in commercial wines.,"""Clean Wine Trend: Marketing Gimmick or Healthy Choice?""",0.5619825124740601
Preference for organic wine and concerns about additives in commercial wines.,"Here is one topic that can be generated within 15 words based on the text:

""Balancing Quality with Health Benefits in Wellness Trends""",0.1544443666934967
Preference for organic wine and concerns about additives in commercial wines.,"""Wine appreciation: celebrating craftsmanship, artistry, and passion behind winemaking.""",0.5102072358131409
Preference for organic wine and concerns about additives in commercial wines.,"""Celebrity endorsements influencing consumer behavior and promoting healthy habits through wine consumption""",0.4797738194465637
Preference for organic wine and concerns about additives in commercial wines.,The importance of balance in life and its application to various aspects.,0.1399011313915252
Preference for organic wine and concerns about additives in commercial wines.,"""The Joy of Savoring a Good Glass: Finding Balance Between Enjoyment and Wellness""",0.2621139287948608
Preference for organic wine and concerns about additives in commercial wines.,"""The intersection of wellness trends and cultural practices like wine appreciation.""",0.4755396246910095
The Importance of Enjoying Wine Without Judgment or Snobbery,"""Supporting Local Wine Shops: A Key to Unlocking Quality and Community Engagement""",0.5768281817436218
The Importance of Enjoying Wine Without Judgment or Snobbery,"Appreciating wine for its taste, quality, and craftsmanship rather than health benefits.",0.7019909620285034
The Importance of Enjoying Wine Without Judgment or Snobbery,"""Societal trends influencing consumer behavior and values in product appreciation and purchasing decisions.""",0.2608372867107391
The Importance of Enjoying Wine Without Judgment or Snobbery,"""Sustainability and Environmental Impact of Wine Industry: Balancing Quality and Responsibility""",0.557993471622467
The Importance of Enjoying Wine Without Judgment or Snobbery,"""Cultural Significance of Wine Appreciation: Balancing Tradition and Modern Trends""",0.7236801385879517
The Importance of Enjoying Wine Without Judgment or Snobbery,"""Prioritizing taste and quality over health benefits in making choices""",0.4123120903968811
The Importance of Enjoying Wine Without Judgment or Snobbery,"""Wine appreciation: exploring quality, craftsmanship, and passion beyond just getting drunk.""",0.6980389356613159
The Importance of Enjoying Wine Without Judgment or Snobbery,"""Finding balance between enjoying wine and prioritizing overall wellbeing.""",0.6288169622421265
The Importance of Enjoying Wine Without Judgment or Snobbery,"""Complete Agreement: Author's Stance and Sentiment on [Topic]""",0.1071394383907318
The Importance of Enjoying Wine Without Judgment or Snobbery,"**Appreciating Wine: Focus on Taste, Quality, and Authenticity Over Marketing Hype**",0.6391652226448059
The Importance of Enjoying Wine Without Judgment or Snobbery,"""Appreciating quality and craftsmanship in life, not just focusing on health.""",0.2809739112854004
The Importance of Enjoying Wine Without Judgment or Snobbery,"""Clean Wine Trend: Marketing Gimmick or Healthy Choice?""",0.5706344246864319
The Importance of Enjoying Wine Without Judgment or Snobbery,"Here is one topic that can be generated within 15 words based on the text:

""Balancing Quality with Health Benefits in Wellness Trends""",0.1383336633443832
The Importance of Enjoying Wine Without Judgment or Snobbery,"""Wine appreciation: celebrating craftsmanship, artistry, and passion behind winemaking.""",0.6652610301971436
The Importance of Enjoying Wine Without Judgment or Snobbery,"""Celebrity endorsements influencing consumer behavior and promoting healthy habits through wine consumption""",0.5431162714958191
The Importance of Enjoying Wine Without Judgment or Snobbery,The importance of balance in life and its application to various aspects.,0.2719618082046509
The Importance of Enjoying Wine Without Judgment or Snobbery,"""The Joy of Savoring a Good Glass: Finding Balance Between Enjoyment and Wellness""",0.517598032951355
The Importance of Enjoying Wine Without Judgment or Snobbery,"""The intersection of wellness trends and cultural practices like wine appreciation.""",0.5836777687072754
Is over-reliance on organic products causing unnecessary self-imposed suffering?,"""Supporting Local Wine Shops: A Key to Unlocking Quality and Community Engagement""",0.1653880625963211
Is over-reliance on organic products causing unnecessary self-imposed suffering?,"Appreciating wine for its taste, quality, and craftsmanship rather than health benefits.",0.2364200800657272
Is over-reliance on organic products causing unnecessary self-imposed suffering?,"""Societal trends influencing consumer behavior and values in product appreciation and purchasing decisions.""",0.3271752595901489
Is over-reliance on organic products causing unnecessary self-imposed suffering?,"""Sustainability and Environmental Impact of Wine Industry: Balancing Quality and Responsibility""",0.3147200047969818
Is over-reliance on organic products causing unnecessary self-imposed suffering?,"""Cultural Significance of Wine Appreciation: Balancing Tradition and Modern Trends""",0.1285694241523742
Is over-reliance on organic products causing unnecessary self-imposed suffering?,"""Prioritizing taste and quality over health benefits in making choices""",0.3991669118404388
Is over-reliance on organic products causing unnecessary self-imposed suffering?,"""Wine appreciation: exploring quality, craftsmanship, and passion beyond just getting drunk.""",0.1210153698921203
Is over-reliance on organic products causing unnecessary self-imposed suffering?,"""Finding balance between enjoying wine and prioritizing overall wellbeing.""",0.2613668143749237
Is over-reliance on organic products causing unnecessary self-imposed suffering?,"""Complete Agreement: Author's Stance and Sentiment on [Topic]""",0.1014122739434242
Is over-reliance on organic products causing unnecessary self-imposed suffering?,"**Appreciating Wine: Focus on Taste, Quality, and Authenticity Over Marketing Hype**",0.1638652086257934
Is over-reliance on organic products causing unnecessary self-imposed suffering?,"""Appreciating quality and craftsmanship in life, not just focusing on health.""",0.3131789267063141
Is over-reliance on organic products causing unnecessary self-imposed suffering?,"""Clean Wine Trend: Marketing Gimmick or Healthy Choice?""",0.3205138742923736
Is over-reliance on organic products causing unnecessary self-imposed suffering?,"Here is one topic that can be generated within 15 words based on the text:

""Balancing Quality with Health Benefits in Wellness Trends""",0.2515993118286133
Is over-reliance on organic products causing unnecessary self-imposed suffering?,"""Wine appreciation: celebrating craftsmanship, artistry, and passion behind winemaking.""",0.1075052767992019
Is over-reliance on organic products causing unnecessary self-imposed suffering?,"""Celebrity endorsements influencing consumer behavior and promoting healthy habits through wine consumption""",0.3368039131164551
Is over-reliance on organic products causing unnecessary self-imposed suffering?,The importance of balance in life and its application to various aspects.,0.1613912284374237
Is over-reliance on organic products causing unnecessary self-imposed suffering?,"""The Joy of Savoring a Good Glass: Finding Balance Between Enjoyment and Wellness""",0.305379182100296
Is over-reliance on organic products causing unnecessary self-imposed suffering?,"""The intersection of wellness trends and cultural practices like wine appreciation.""",0.2729502022266388
"Health risks of excessive drinking and addiction, with focus on wine consumption","""Supporting Local Wine Shops: A Key to Unlocking Quality and Community Engagement""",0.4367512464523315
"Health risks of excessive drinking and addiction, with focus on wine consumption","Appreciating wine for its taste, quality, and craftsmanship rather than health benefits.",0.5887084603309631
"Health risks of excessive drinking and addiction, with focus on wine consumption","""Societal trends influencing consumer behavior and values in product appreciation and purchasing decisions.""",0.1818388998508453
"Health risks of excessive drinking and addiction, with focus on wine consumption","""Sustainability and Environmental Impact of Wine Industry: Balancing Quality and Responsibility""",0.5381927490234375
"Health risks of excessive drinking and addiction, with focus on wine consumption","""Cultural Significance of Wine Appreciation: Balancing Tradition and Modern Trends""",0.5546290278434753
"Health risks of excessive drinking and addiction, with focus on wine consumption","""Prioritizing taste and quality over health benefits in making choices""",0.3120499849319458
"Health risks of excessive drinking and addiction, with focus on wine consumption","""Wine appreciation: exploring quality, craftsmanship, and passion beyond just getting drunk.""",0.5717810988426208
"Health risks of excessive drinking and addiction, with focus on wine consumption","""Finding balance between enjoying wine and prioritizing overall wellbeing.""",0.5451754927635193
"Health risks of excessive drinking and addiction, with focus on wine consumption","""Complete Agreement: Author's Stance and Sentiment on [Topic]""",-0.0130958938971161
"Health risks of excessive drinking and addiction, with focus on wine consumption","**Appreciating Wine: Focus on Taste, Quality, and Authenticity Over Marketing Hype**",0.5015032291412354
"Health risks of excessive drinking and addiction, with focus on wine consumption","""Appreciating quality and craftsmanship in life, not just focusing on health.""",0.2681642174720764
"Health risks of excessive drinking and addiction, with focus on wine consumption","""Clean Wine Trend: Marketing Gimmick or Healthy Choice?""",0.5114339590072632
"Health risks of excessive drinking and addiction, with focus on wine consumption","Here is one topic that can be generated within 15 words based on the text:

""Balancing Quality with Health Benefits in Wellness Trends""",0.2220464497804641
"Health risks of excessive drinking and addiction, with focus on wine consumption","""Wine appreciation: celebrating craftsmanship, artistry, and passion behind winemaking.""",0.4902309775352478
"Health risks of excessive drinking and addiction, with focus on wine consumption","""Celebrity endorsements influencing consumer behavior and promoting healthy habits through wine consumption""",0.5780534148216248
"Health risks of excessive drinking and addiction, with focus on wine consumption",The importance of balance in life and its application to various aspects.,0.1758130192756652
"Health risks of excessive drinking and addiction, with focus on wine consumption","""The Joy of Savoring a Good Glass: Finding Balance Between Enjoyment and Wellness""",0.407587319612503
"Health risks of excessive drinking and addiction, with focus on wine consumption","""The intersection of wellness trends and cultural practices like wine appreciation.""",0.568392276763916
"Alcohol consumption and its effects on health, social habits, and personal choices",**Balancing Wine Appreciation with Sustainability and Personal Preferences**,0.4379152655601501
"Alcohol consumption and its effects on health, social habits, and personal choices","""Appreciating Wine for Its Taste and Quality Rather Than Just Health Benefits""",0.5021495223045349
"Alcohol consumption and its effects on health, social habits, and personal choices","""Appreciating good wine and supporting local businesses through quality craftsmanship.""",0.2441936731338501
"Alcohol consumption and its effects on health, social habits, and personal choices",**Prioritizing Taste and Quality over Health Benefits in Food Choices**,0.3525576591491699
"Alcohol consumption and its effects on health, social habits, and personal choices","""Finding Balance: Appreciating Craftsmanship, Quality, and Experience Over Marketing Spin.""",0.092864990234375
"Alcohol consumption and its effects on health, social habits, and personal choices","""The cultural significance of wine beyond its health benefits""",0.515627384185791
"Alcohol consumption and its effects on health, social habits, and personal choices","""Celebrities' Influence on Wine Culture and Wellness Trends""",0.48153817653656
Preference for organic wine and concerns about additives in commercial wines.,**Balancing Wine Appreciation with Sustainability and Personal Preferences**,0.5713570713996887
Preference for organic wine and concerns about additives in commercial wines.,"""Appreciating Wine for Its Taste and Quality Rather Than Just Health Benefits""",0.6002057194709778
Preference for organic wine and concerns about additives in commercial wines.,"""Appreciating good wine and supporting local businesses through quality craftsmanship.""",0.4376758337020874
Preference for organic wine and concerns about additives in commercial wines.,**Prioritizing Taste and Quality over Health Benefits in Food Choices**,0.3129962980747223
Preference for organic wine and concerns about additives in commercial wines.,"""Finding Balance: Appreciating Craftsmanship, Quality, and Experience Over Marketing Spin.""",0.1599710285663604
Preference for organic wine and concerns about additives in commercial wines.,"""The cultural significance of wine beyond its health benefits""",0.5657917261123657
Preference for organic wine and concerns about additives in commercial wines.,"""Celebrities' Influence on Wine Culture and Wellness Trends""",0.4770292043685913
The Importance of Enjoying Wine Without Judgment or Snobbery,**Balancing Wine Appreciation with Sustainability and Personal Preferences**,0.6436617374420166
The Importance of Enjoying Wine Without Judgment or Snobbery,"""Appreciating Wine for Its Taste and Quality Rather Than Just Health Benefits""",0.6979477405548096
The Importance of Enjoying Wine Without Judgment or Snobbery,"""Appreciating good wine and supporting local businesses through quality craftsmanship.""",0.5403700470924377
The Importance of Enjoying Wine Without Judgment or Snobbery,**Prioritizing Taste and Quality over Health Benefits in Food Choices**,0.3364113271236419
The Importance of Enjoying Wine Without Judgment or Snobbery,"""Finding Balance: Appreciating Craftsmanship, Quality, and Experience Over Marketing Spin.""",0.2615396380424499
The Importance of Enjoying Wine Without Judgment or Snobbery,"""The cultural significance of wine beyond its health benefits""",0.7102196216583252
The Importance of Enjoying Wine Without Judgment or Snobbery,"""Celebrities' Influence on Wine Culture and Wellness Trends""",0.563922107219696
Is over-reliance on organic products causing unnecessary self-imposed suffering?,**Balancing Wine Appreciation with Sustainability and Personal Preferences**,0.2783252298831939
Is over-reliance on organic products causing unnecessary self-imposed suffering?,"""Appreciating Wine for Its Taste and Quality Rather Than Just Health Benefits""",0.3507875502109527
Is over-reliance on organic products causing unnecessary self-imposed suffering?,"""Appreciating good wine and supporting local businesses through quality craftsmanship.""",0.1780590116977691
Is over-reliance on organic products causing unnecessary self-imposed suffering?,**Prioritizing Taste and Quality over Health Benefits in Food Choices**,0.3576664626598358
Is over-reliance on organic products causing unnecessary self-imposed suffering?,"""Finding Balance: Appreciating Craftsmanship, Quality, and Experience Over Marketing Spin.""",0.2705689966678619
Is over-reliance on organic products causing unnecessary self-imposed suffering?,"""The cultural significance of wine beyond its health benefits""",0.2641964554786682
Is over-reliance on organic products causing unnecessary self-imposed suffering?,"""Celebrities' Influence on Wine Culture and Wellness Trends""",0.3132496476173401
"Health risks of excessive drinking and addiction, with focus on wine consumption",**Balancing Wine Appreciation with Sustainability and Personal Preferences**,0.5457979440689087
"Health risks of excessive drinking and addiction, with focus on wine consumption","""Appreciating Wine for Its Taste and Quality Rather Than Just Health Benefits""",0.61383056640625
"Health risks of excessive drinking and addiction, with focus on wine consumption","""Appreciating good wine and supporting local businesses through quality craftsmanship.""",0.390592098236084
"Health risks of excessive drinking and addiction, with focus on wine consumption",**Prioritizing Taste and Quality over Health Benefits in Food Choices**,0.2681207060813904
"Health risks of excessive drinking and addiction, with focus on wine consumption","""Finding Balance: Appreciating Craftsmanship, Quality, and Experience Over Marketing Spin.""",0.0822145491838455
"Health risks of excessive drinking and addiction, with focus on wine consumption","""The cultural significance of wine beyond its health benefits""",0.6431758999824524
"Health risks of excessive drinking and addiction, with focus on wine consumption","""Celebrities' Influence on Wine Culture and Wellness Trends""",0.5500665903091431
"Alcohol consumption and its effects on health, social habits, and personal choices","""Appreciating quality over marketing: finding balance between taste, craftsmanship, and enjoyment.""",0.1787091642618179
"Alcohol consumption and its effects on health, social habits, and personal choices","""Appreciating Wine for Taste, Quality, and Cultural Significance Over Health Benefits""",0.5400670766830444
"Alcohol consumption and its effects on health, social habits, and personal choices",**Prioritizing Taste and Quality Over Health Benefits in the Wellness Trend**,0.3666131198406219
"Alcohol consumption and its effects on health, social habits, and personal choices",Appreciating the art of winemaking and the joy it brings to daily life.,0.3659323453903198
"Alcohol consumption and its effects on health, social habits, and personal choices","""Critique of Clean Wine Trend: Focus on Quality, Not Marketing Claims""",0.3408572077751159
"Alcohol consumption and its effects on health, social habits, and personal choices","""Celebrities like Cameron Diaz promoting healthy habits through clean wine options.""",0.3836750984191894
"Alcohol consumption and its effects on health, social habits, and personal choices","""Wine appreciation: valuing craftsmanship, taste, and quality over marketing hype.""",0.3079698979854584
Preference for organic wine and concerns about additives in commercial wines.,"""Appreciating quality over marketing: finding balance between taste, craftsmanship, and enjoyment.""",0.2564368546009063
Preference for organic wine and concerns about additives in commercial wines.,"""Appreciating Wine for Taste, Quality, and Cultural Significance Over Health Benefits""",0.5885467529296875
Preference for organic wine and concerns about additives in commercial wines.,**Prioritizing Taste and Quality Over Health Benefits in the Wellness Trend**,0.3342110812664032
Preference for organic wine and concerns about additives in commercial wines.,Appreciating the art of winemaking and the joy it brings to daily life.,0.4564692378044128
Preference for organic wine and concerns about additives in commercial wines.,"""Critique of Clean Wine Trend: Focus on Quality, Not Marketing Claims""",0.5735877752304077
Preference for organic wine and concerns about additives in commercial wines.,"""Celebrities like Cameron Diaz promoting healthy habits through clean wine options.""",0.4122833013534546
Preference for organic wine and concerns about additives in commercial wines.,"""Wine appreciation: valuing craftsmanship, taste, and quality over marketing hype.""",0.5677300691604614
The Importance of Enjoying Wine Without Judgment or Snobbery,"""Appreciating quality over marketing: finding balance between taste, craftsmanship, and enjoyment.""",0.413854718208313
The Importance of Enjoying Wine Without Judgment or Snobbery,"""Appreciating Wine for Taste, Quality, and Cultural Significance Over Health Benefits""",0.7038801908493042
The Importance of Enjoying Wine Without Judgment or Snobbery,**Prioritizing Taste and Quality Over Health Benefits in the Wellness Trend**,0.3548522293567657
The Importance of Enjoying Wine Without Judgment or Snobbery,Appreciating the art of winemaking and the joy it brings to daily life.,0.6300749182701111
The Importance of Enjoying Wine Without Judgment or Snobbery,"""Critique of Clean Wine Trend: Focus on Quality, Not Marketing Claims""",0.5971856713294983
The Importance of Enjoying Wine Without Judgment or Snobbery,"""Celebrities like Cameron Diaz promoting healthy habits through clean wine options.""",0.4237532019615173
The Importance of Enjoying Wine Without Judgment or Snobbery,"""Wine appreciation: valuing craftsmanship, taste, and quality over marketing hype.""",0.6779381632804871
Is over-reliance on organic products causing unnecessary self-imposed suffering?,"""Appreciating quality over marketing: finding balance between taste, craftsmanship, and enjoyment.""",0.3260209262371063
Is over-reliance on organic products causing unnecessary self-imposed suffering?,"""Appreciating Wine for Taste, Quality, and Cultural Significance Over Health Benefits""",0.2724206149578094
Is over-reliance on organic products causing unnecessary self-imposed suffering?,**Prioritizing Taste and Quality Over Health Benefits in the Wellness Trend**,0.3931171596050262
Is over-reliance on organic products causing unnecessary self-imposed suffering?,Appreciating the art of winemaking and the joy it brings to daily life.,0.139736607670784
Is over-reliance on organic products causing unnecessary self-imposed suffering?,"""Critique of Clean Wine Trend: Focus on Quality, Not Marketing Claims""",0.2378953993320465
Is over-reliance on organic products causing unnecessary self-imposed suffering?,"""Celebrities like Cameron Diaz promoting healthy habits through clean wine options.""",0.244888424873352
Is over-reliance on organic products causing unnecessary self-imposed suffering?,"""Wine appreciation: valuing craftsmanship, taste, and quality over marketing hype.""",0.1953648924827575
"Health risks of excessive drinking and addiction, with focus on wine consumption","""Appreciating quality over marketing: finding balance between taste, craftsmanship, and enjoyment.""",0.1580765694379806
"Health risks of excessive drinking and addiction, with focus on wine consumption","""Appreciating Wine for Taste, Quality, and Cultural Significance Over Health Benefits""",0.634300172328949
"Health risks of excessive drinking and addiction, with focus on wine consumption",**Prioritizing Taste and Quality Over Health Benefits in the Wellness Trend**,0.3156390488147735
"Health risks of excessive drinking and addiction, with focus on wine consumption",Appreciating the art of winemaking and the joy it brings to daily life.,0.4807570278644562
"Health risks of excessive drinking and addiction, with focus on wine consumption","""Critique of Clean Wine Trend: Focus on Quality, Not Marketing Claims""",0.5198728442192078
"Health risks of excessive drinking and addiction, with focus on wine consumption","""Celebrities like Cameron Diaz promoting healthy habits through clean wine options.""",0.481174111366272
"Health risks of excessive drinking and addiction, with focus on wine consumption","""Wine appreciation: valuing craftsmanship, taste, and quality over marketing hype.""",0.4884614050388336
"Alcohol consumption and its effects on health, social habits, and personal choices","""Balancing wine appreciation with sustainable practices: can we find a middle ground?""",0.3598540723323822
"Alcohol consumption and its effects on health, social habits, and personal choices","Appreciating wine for its true value, beyond perceived health benefits.",0.5273804664611816
"Alcohol consumption and its effects on health, social habits, and personal choices","""Celebrities' influence on consumer behavior and wine trends""",0.4943602085113525
"Alcohol consumption and its effects on health, social habits, and personal choices","""Appreciation for quality and craftsmanship over fads and superficiality in consumer behavior.""",0.2067316472530365
"Alcohol consumption and its effects on health, social habits, and personal choices","""Appreciating Craftsmanship: The Art of Winemaking and Its Importance""",0.29793781042099
"Alcohol consumption and its effects on health, social habits, and personal choices","""Quality Over Quantity: Prioritizing Substance Over Superficial Appeal in Product Development""",0.1381334215402603
"Alcohol consumption and its effects on health, social habits, and personal choices","""Finding balance between wellness, pleasure, and self-care in modern lifestyle choices.""",0.3861367702484131
"Alcohol consumption and its effects on health, social habits, and personal choices","""Savoring the Experience: Enjoying Good Wine with Loved Ones and Friends""",0.4336569309234619
"Alcohol consumption and its effects on health, social habits, and personal choices","""Cultural Significance of Wine: Balancing Health Benefits with Heritage and Tradition""",0.484442263841629
"Alcohol consumption and its effects on health, social habits, and personal choices","""Complete agreement with article's stance and attention to detail by readers""",0.017743494361639
"Alcohol consumption and its effects on health, social habits, and personal choices",Enjoying life's simple pleasures without guilt: finding balance between self-care and indulgence.,0.3706478178501129
"Alcohol consumption and its effects on health, social habits, and personal choices","""Wine as an art form: appreciating craftsmanship, passion, and creativity in winemaking.""",0.2873151302337646
"Alcohol consumption and its effects on health, social habits, and personal choices","""Appreciating craftsmanship, artistry, and beauty in unique bottle creations.""",0.176186591386795
"Alcohol consumption and its effects on health, social habits, and personal choices","""Appreciation for Wine Quality Over Trends: A Holistic Approach""",0.3861517906188965
"Alcohol consumption and its effects on health, social habits, and personal choices","""Finding harmony and balance in life for overall well-being.""",0.2027152925729751
"Alcohol consumption and its effects on health, social habits, and personal choices",Appreciating Wine for Its Taste and Quality Over Marketing Trends.,0.3591735959053039
"Alcohol consumption and its effects on health, social habits, and personal choices",Prioritizing Taste and Quality Over Health Benefits in Beverage Appreciation.,0.4317863881587982
"Alcohol consumption and its effects on health, social habits, and personal choices","""Appreciation of Wine: Clean vs. Traditional, Quality vs. Trendiness""",0.3602068424224853
"Alcohol consumption and its effects on health, social habits, and personal choices","""Importance of buying from high-quality wine shops that support local artisans.""",0.3120378851890564
"Alcohol consumption and its effects on health, social habits, and personal choices","""Appreciating Wine for Its Unique Characteristics Rather Than Just Health Benefits""",0.5263533592224121
Preference for organic wine and concerns about additives in commercial wines.,"""Balancing wine appreciation with sustainable practices: can we find a middle ground?""",0.5571330785751343
Preference for organic wine and concerns about additives in commercial wines.,"Appreciating wine for its true value, beyond perceived health benefits.",0.6252855062484741
Preference for organic wine and concerns about additives in commercial wines.,"""Celebrities' influence on consumer behavior and wine trends""",0.4254966378211975
Preference for organic wine and concerns about additives in commercial wines.,"""Appreciation for quality and craftsmanship over fads and superficiality in consumer behavior.""",0.2141609191894531
Preference for organic wine and concerns about additives in commercial wines.,"""Appreciating Craftsmanship: The Art of Winemaking and Its Importance""",0.5091824531555176
Preference for organic wine and concerns about additives in commercial wines.,"""Quality Over Quantity: Prioritizing Substance Over Superficial Appeal in Product Development""",0.2916625738143921
Preference for organic wine and concerns about additives in commercial wines.,"""Finding balance between wellness, pleasure, and self-care in modern lifestyle choices.""",0.1955840140581131
Preference for organic wine and concerns about additives in commercial wines.,"""Savoring the Experience: Enjoying Good Wine with Loved Ones and Friends""",0.3851288557052612
Preference for organic wine and concerns about additives in commercial wines.,"""Cultural Significance of Wine: Balancing Health Benefits with Heritage and Tradition""",0.4841522872447967
Preference for organic wine and concerns about additives in commercial wines.,"""Complete agreement with article's stance and attention to detail by readers""",0.064552828669548
Preference for organic wine and concerns about additives in commercial wines.,Enjoying life's simple pleasures without guilt: finding balance between self-care and indulgence.,0.1827113330364227
Preference for organic wine and concerns about additives in commercial wines.,"""Wine as an art form: appreciating craftsmanship, passion, and creativity in winemaking.""",0.4767100214958191
Preference for organic wine and concerns about additives in commercial wines.,"""Appreciating craftsmanship, artistry, and beauty in unique bottle creations.""",0.2939804196357727
Preference for organic wine and concerns about additives in commercial wines.,"""Appreciation for Wine Quality Over Trends: A Holistic Approach""",0.6105522513389587
Preference for organic wine and concerns about additives in commercial wines.,"""Finding harmony and balance in life for overall well-being.""",0.0866512581706047
Preference for organic wine and concerns about additives in commercial wines.,Appreciating Wine for Its Taste and Quality Over Marketing Trends.,0.6433837413787842
Preference for organic wine and concerns about additives in commercial wines.,Prioritizing Taste and Quality Over Health Benefits in Beverage Appreciation.,0.4239001274108886
Preference for organic wine and concerns about additives in commercial wines.,"""Appreciation of Wine: Clean vs. Traditional, Quality vs. Trendiness""",0.6037925481796265
Preference for organic wine and concerns about additives in commercial wines.,"""Importance of buying from high-quality wine shops that support local artisans.""",0.5306230783462524
Preference for organic wine and concerns about additives in commercial wines.,"""Appreciating Wine for Its Unique Characteristics Rather Than Just Health Benefits""",0.577749490737915
The Importance of Enjoying Wine Without Judgment or Snobbery,"""Balancing wine appreciation with sustainable practices: can we find a middle ground?""",0.6624575853347778
The Importance of Enjoying Wine Without Judgment or Snobbery,"Appreciating wine for its true value, beyond perceived health benefits.",0.6952437162399292
The Importance of Enjoying Wine Without Judgment or Snobbery,"""Celebrities' influence on consumer behavior and wine trends""",0.5193110704421997
The Importance of Enjoying Wine Without Judgment or Snobbery,"""Appreciation for quality and craftsmanship over fads and superficiality in consumer behavior.""",0.3675806820392608
The Importance of Enjoying Wine Without Judgment or Snobbery,"""Appreciating Craftsmanship: The Art of Winemaking and Its Importance""",0.6709597706794739
The Importance of Enjoying Wine Without Judgment or Snobbery,"""Quality Over Quantity: Prioritizing Substance Over Superficial Appeal in Product Development""",0.3335056602954864
The Importance of Enjoying Wine Without Judgment or Snobbery,"""Finding balance between wellness, pleasure, and self-care in modern lifestyle choices.""",0.3233685493469238
The Importance of Enjoying Wine Without Judgment or Snobbery,"""Savoring the Experience: Enjoying Good Wine with Loved Ones and Friends""",0.6723914742469788
The Importance of Enjoying Wine Without Judgment or Snobbery,"""Cultural Significance of Wine: Balancing Health Benefits with Heritage and Tradition""",0.6614955067634583
The Importance of Enjoying Wine Without Judgment or Snobbery,"""Complete agreement with article's stance and attention to detail by readers""",0.1373146176338195
The Importance of Enjoying Wine Without Judgment or Snobbery,Enjoying life's simple pleasures without guilt: finding balance between self-care and indulgence.,0.4859015345573425
The Importance of Enjoying Wine Without Judgment or Snobbery,"""Wine as an art form: appreciating craftsmanship, passion, and creativity in winemaking.""",0.6178847551345825
The Importance of Enjoying Wine Without Judgment or Snobbery,"""Appreciating craftsmanship, artistry, and beauty in unique bottle creations.""",0.3574042320251465
The Importance of Enjoying Wine Without Judgment or Snobbery,"""Appreciation for Wine Quality Over Trends: A Holistic Approach""",0.6915308237075806
The Importance of Enjoying Wine Without Judgment or Snobbery,"""Finding harmony and balance in life for overall well-being.""",0.2762824594974518
The Importance of Enjoying Wine Without Judgment or Snobbery,Appreciating Wine for Its Taste and Quality Over Marketing Trends.,0.6577582359313965
The Importance of Enjoying Wine Without Judgment or Snobbery,Prioritizing Taste and Quality Over Health Benefits in Beverage Appreciation.,0.5143840909004211
The Importance of Enjoying Wine Without Judgment or Snobbery,"""Appreciation of Wine: Clean vs. Traditional, Quality vs. Trendiness""",0.624356746673584
The Importance of Enjoying Wine Without Judgment or Snobbery,"""Importance of buying from high-quality wine shops that support local artisans.""",0.5870223045349121
The Importance of Enjoying Wine Without Judgment or Snobbery,"""Appreciating Wine for Its Unique Characteristics Rather Than Just Health Benefits""",0.6883144974708557
Is over-reliance on organic products causing unnecessary self-imposed suffering?,"""Balancing wine appreciation with sustainable practices: can we find a middle ground?""",0.2730026245117187
Is over-reliance on organic products causing unnecessary self-imposed suffering?,"Appreciating wine for its true value, beyond perceived health benefits.",0.2881405651569366
Is over-reliance on organic products causing unnecessary self-imposed suffering?,"""Celebrities' influence on consumer behavior and wine trends""",0.2909181714057922
Is over-reliance on organic products causing unnecessary self-imposed suffering?,"""Appreciation for quality and craftsmanship over fads and superficiality in consumer behavior.""",0.2931687533855438
Is over-reliance on organic products causing unnecessary self-imposed suffering?,"""Appreciating Craftsmanship: The Art of Winemaking and Its Importance""",0.1304003596305847
Is over-reliance on organic products causing unnecessary self-imposed suffering?,"""Quality Over Quantity: Prioritizing Substance Over Superficial Appeal in Product Development""",0.3771876692771911
Is over-reliance on organic products causing unnecessary self-imposed suffering?,"""Finding balance between wellness, pleasure, and self-care in modern lifestyle choices.""",0.365708589553833
Is over-reliance on organic products causing unnecessary self-imposed suffering?,"""Savoring the Experience: Enjoying Good Wine with Loved Ones and Friends""",0.1303230971097946
Is over-reliance on organic products causing unnecessary self-imposed suffering?,"""Cultural Significance of Wine: Balancing Health Benefits with Heritage and Tradition""",0.1912914514541626
Is over-reliance on organic products causing unnecessary self-imposed suffering?,"""Complete agreement with article's stance and attention to detail by readers""",0.098034955561161
Is over-reliance on organic products causing unnecessary self-imposed suffering?,Enjoying life's simple pleasures without guilt: finding balance between self-care and indulgence.,0.3669759035110473
Is over-reliance on organic products causing unnecessary self-imposed suffering?,"""Wine as an art form: appreciating craftsmanship, passion, and creativity in winemaking.""",0.1075328290462493
Is over-reliance on organic products causing unnecessary self-imposed suffering?,"""Appreciating craftsmanship, artistry, and beauty in unique bottle creations.""",0.1819995194673538
Is over-reliance on organic products causing unnecessary self-imposed suffering?,"""Appreciation for Wine Quality Over Trends: A Holistic Approach""",0.2310028374195099
Is over-reliance on organic products causing unnecessary self-imposed suffering?,"""Finding harmony and balance in life for overall well-being.""",0.1874515563249588
Is over-reliance on organic products causing unnecessary self-imposed suffering?,Appreciating Wine for Its Taste and Quality Over Marketing Trends.,0.197909414768219
Is over-reliance on organic products causing unnecessary self-imposed suffering?,Prioritizing Taste and Quality Over Health Benefits in Beverage Appreciation.,0.2744997143745422
Is over-reliance on organic products causing unnecessary self-imposed suffering?,"""Appreciation of Wine: Clean vs. Traditional, Quality vs. Trendiness""",0.200110375881195
Is over-reliance on organic products causing unnecessary self-imposed suffering?,"""Importance of buying from high-quality wine shops that support local artisans.""",0.2153328657150268
Is over-reliance on organic products causing unnecessary self-imposed suffering?,"""Appreciating Wine for Its Unique Characteristics Rather Than Just Health Benefits""",0.3347840011119842
"Health risks of excessive drinking and addiction, with focus on wine consumption","""Balancing wine appreciation with sustainable practices: can we find a middle ground?""",0.5556557774543762
"Health risks of excessive drinking and addiction, with focus on wine consumption","Appreciating wine for its true value, beyond perceived health benefits.",0.6389700174331665
"Health risks of excessive drinking and addiction, with focus on wine consumption","""Celebrities' influence on consumer behavior and wine trends""",0.4917065501213074
"Health risks of excessive drinking and addiction, with focus on wine consumption","""Appreciation for quality and craftsmanship over fads and superficiality in consumer behavior.""",0.1573679745197296
"Health risks of excessive drinking and addiction, with focus on wine consumption","""Appreciating Craftsmanship: The Art of Winemaking and Its Importance""",0.4977628886699676
"Health risks of excessive drinking and addiction, with focus on wine consumption","""Quality Over Quantity: Prioritizing Substance Over Superficial Appeal in Product Development""",0.0816937386989593
"Health risks of excessive drinking and addiction, with focus on wine consumption","""Finding balance between wellness, pleasure, and self-care in modern lifestyle choices.""",0.2795863747596741
"Health risks of excessive drinking and addiction, with focus on wine consumption","""Savoring the Experience: Enjoying Good Wine with Loved Ones and Friends""",0.504402756690979
"Health risks of excessive drinking and addiction, with focus on wine consumption","""Cultural Significance of Wine: Balancing Health Benefits with Heritage and Tradition""",0.5871750712394714
"Health risks of excessive drinking and addiction, with focus on wine consumption","""Complete agreement with article's stance and attention to detail by readers""",-0.001999762840569
"Health risks of excessive drinking and addiction, with focus on wine consumption",Enjoying life's simple pleasures without guilt: finding balance between self-care and indulgence.,0.308571845293045
"Health risks of excessive drinking and addiction, with focus on wine consumption","""Wine as an art form: appreciating craftsmanship, passion, and creativity in winemaking.""",0.4783757328987121
"Health risks of excessive drinking and addiction, with focus on wine consumption","""Appreciating craftsmanship, artistry, and beauty in unique bottle creations.""",0.2531386911869049
"Health risks of excessive drinking and addiction, with focus on wine consumption","""Appreciation for Wine Quality Over Trends: A Holistic Approach""",0.5490982532501221
"Health risks of excessive drinking and addiction, with focus on wine consumption","""Finding harmony and balance in life for overall well-being.""",0.1490048170089721
"Health risks of excessive drinking and addiction, with focus on wine consumption",Appreciating Wine for Its Taste and Quality Over Marketing Trends.,0.5199962258338928
"Health risks of excessive drinking and addiction, with focus on wine consumption",Prioritizing Taste and Quality Over Health Benefits in Beverage Appreciation.,0.4040629267692566
"Health risks of excessive drinking and addiction, with focus on wine consumption","""Appreciation of Wine: Clean vs. Traditional, Quality vs. Trendiness""",0.4948063492774963
"Health risks of excessive drinking and addiction, with focus on wine consumption","""Importance of buying from high-quality wine shops that support local artisans.""",0.4612267017364502
"Health risks of excessive drinking and addiction, with focus on wine consumption","""Appreciating Wine for Its Unique Characteristics Rather Than Just Health Benefits""",0.6333665251731873
